Planet_Name,System_Distance_PC,Star_Temperature_K,System_Infrared_Magnitude
Kepler-138 c,66.8624,3841.0,9.506
TIC 139270665 b,189.875,5844.0,8.946
TOI-3819 b,558.141,5859.0,11.077
HD 136352 c,14.682,5664.0,4.159
HAT-P-68 b,202.152,4508.0,11.019
HD 136352 d,14.682,5664.0,4.159
TOI-6016 b,364.715,6110.0,10.224
TOI-1064 b,68.0726,4734.0,8.467
TOI-4438 b,30.0346,3422.0,8.869
TOI-5293 A b,162.229,3586.0,11.639
GJ 1132 b,12.613,3229.0,8.322
TOI-132 b,163.678,5397.0,9.646
TOI-1295 b,388.227,6280.0,10.08
TOI-1416 b,55.0135,4884.0,7.708
TOI-2641 b,344.045,6100.0,10.325
TOI-4087 b,301.676,6060.0,10.436
HAT-P-63 b,403.458,5400.0,11.512
HD 1397 b,79.5702,5521.0,5.988
NGTS-1 b,218.121,3916.0,11.936
HD 23472 b,39.0341,4684.0,7.207
K2-292 b,114.293,5725.0,8.407
K2-3 b,44.0727,3844.0,8.561
K2-329 b,233.237,5282.0,10.668
TOI-1695 b,45.1309,3690.0,8.818
TOI-2196 b,259.947,5634.0,10.346
Kepler-849 b,822.134,5950.0,11.527
TOI-2010 b,109.19,5929.0,8.281
HAT-P-25 b,300.384,5519.0,10.815
HD 202772 A b,161.498,6272.0,6.959
TOI-2095 c,41.9176,3759.0,8.988
TOI-3364 b,277.899,5706.0,9.783
TOI-5688 A b,226.318,3713.0,11.959
NGTS-15 b,786.485,5600.0,12.907
HATS-17 b,400.331,5846.0,10.698
HATS-60 b,486.474,5688.0,10.988
HATS-75 b,194.964,3790.4,11.584
HD 23472 c,39.0341,4684.0,7.207
TOI-1759 b,40.0654,4065.0,7.93
HATS-76 b,385.689,4016.0,12.812
HD 20329 b,63.6796,5596.0,7.116
NGTS-9 b,609.128,6330.0,11.452
TOI-4994 b,329.304,5640.0,10.797
TOI-125 b,111.059,5320.0,8.995
TOI-4791 b,328.802,6058.0,10.019
HD 219134 b,6.53127,4699.0,3.261
TOI-2458 b,112.958,6005.0,7.891
HATS-72 b,127.589,4656.1,9.764
TOI-169 b,407.84,5880.0,10.815
NGTS-26 b,1093.69,5550.0,13.119
HD 73583 b,31.5666,4511.0,6.948
TIC 393818343 b,93.7345,5756.0,8.052
HAT-P-59 b,265.471,5678.0,10.208
KELT-24 b,96.5173,6426.0,7.154
TOI-2384 b,191.51,3943.0,11.119
TOI-3912 b,465.992,5725.0,10.922
HATS-38 b,343.525,5732.0,10.768
K2-140 b,347.917,5585.0,10.995
TOI-1728 b,60.798,3980.0,8.803001
TOI-1173 b,132.353,5350.0,9.134
HATS-68 b,603.955,6147.0,10.949
K2-285 e,154.961,4975.0,9.971
TOI-2796 b,350.343,5764.0,10.936
TOI-4127 b,319.632,6096.0,10.245
Gliese 12 b,12.21,3296.0,7.807
TOI-5205 b,86.4493,3430.0,11.006
TOI-3714 b,112.71,3660.0,10.852
TOI-1266 c,36.0118,3618.0,8.84
TOI-2587 A b,373.675,5760.0,9.991
HD 260655 b,10.0055,3803.0,5.862
TOI-2120 b,32.1755,3131.0,10.205
K2-285 d,154.961,4975.0,9.971
HD 110113 b,106.307,5732.0,8.502
TOI-172 b,342.831,5645.0,9.722
Kepler-553 c,728.525,5191.0,13.064
NGTS-18 b,1096.19,5610.0,12.87
TOI-2134 c,22.6202,4580.0,6.091
TOI-406.01,31.0597,3392.0,8.848
HD 191939 b,53.6089,5348.0,7.18
TOI-269 b,57.0225,3514.0,10.1
TOI-4137 b,334.993,6202.0,10.004
TOI-4145 A b,205.387,5281.0,10.286
TOI-1064 c,68.0726,4734.0,8.467
TOI-257 b,76.9028,6095.0,6.256
TOI-3261 b,300.141,5068.0,11.184
TOI-4010 b,177.504,4960.0,10.157
TOI-406 c,31.0597,3392.0,8.848
K2-419 A b,268.685,3711.0,12.555
K2-3 c,44.0727,3844.0,8.561
TOI-2000 c,175.713,5611.0,9.303001
TOI-4860 b,80.1423,3260.0,11.175
TOI-181 b,96.2338,4994.0,9.047
TOI-3807 b,421.745,5772.0,10.617
TOI-2000 b,175.713,5611.0,9.303001
HIP 116454 b,62.4491,5048.0,8.029
NGTS-16 b,898.168,5550.0,12.647
TOI-4010 c,177.504,4960.0,10.157
Kepler-138 d,66.8624,3841.0,9.506
KELT-23 A b,126.261,5899.0,8.904
TOI-3331 A b,217.193,5609.0,9.914
K2-66 b,513.877,5887.0,10.609
HD 219134 d,6.53127,4699.0,3.261
TOI-561 c,85.799,5372.0,8.394
HAT-P-9 b,455.203,6350.0,11.015
TOI-3757 b,181.139,3913.0,11.152
HATS-59 b,642.884,5670.0,12.238
HD 5278 b,57.5846,6203.0,6.605
TOI-1107 b,281.314,6311.0,9.205
Kepler-1514 b,397.292,6145.0,10.688
TOI-1420 b,201.918,5510.0,10.119
HATS-69 b,414.537,5137.0,11.875
K2-27 b,249.645,5248.0,10.704
Kepler-1654 b,568.117,5597.0,11.922
TOI-1260 d,73.5977,4227.0,8.95
HD 191939 d,53.6089,5348.0,7.18
TOI-4010 d,177.504,4960.0,10.157
HATS-62 b,523.067,5416.0,12.109
KELT-18 b,321.376,6670.0,9.21
TOI-238 c,80.5407,5059.0,8.598
HAT-P-61 b,338.84,5587.0,11.141
K2-285 b,154.961,4975.0,9.971
TOI-2095 b,41.9176,3759.0,8.988
TOI-2364 b,219.614,5306.0,10.363
TOI-5218 b,377.483,4230.0,12.546
TOI-1231 b,27.6227,3553.0,8.069
TOI-3884 b,43.1448,3180.0,10.24
TOI-622 b,123.297,6400.0,7.858
HD 136352 b,14.682,5664.0,4.159
HD 95338 b,36.9941,5212.0,6.591
TOI-2207 b,373.345,6101.0,10.133
TOI-1448 b,73.3345,3412.0,10.765
TOI-3984 A b,108.883,3476.0,11.052
HD 73583 c,31.5666,4511.0,6.948
HATS-65 b,493.32,6277.0,11.095
EPIC 249893012 d,321.296,5430.0,9.714
TOI-564 b,199.581,5640.0,9.604
HAT-P-62 b,348.815,5629.0,10.701
HATS-63 b,623.232,5627.0,12.216
TOI-1260 c,73.5977,4227.0,8.95
TOI-561 e,85.799,5372.0,8.394
NGTS-8 b,428.976,5241.0,11.642
TOI-500 b,47.3924,4440.0,7.715
HD 207496 b,23.606,4819.0,5.967
HD 219134 f,6.53127,4699.0,3.261
TOI-3023 b,389.916,5760.0,10.243
NGTS-17 b,1040.28,5650.0,12.724
K2-266 d,77.5586,4285.0,8.897
K2-25 b,44.9565,3207.0,10.444
K2-266 e,77.5586,4285.0,8.897
TOI-4201 b,189.011,3794.0,11.368
TOI-5344 b,138.367,3747.0,10.86
TOI-1266 b,36.0118,3618.0,8.84
HATS-37 A b,211.896,5326.0,9.947
HATS-77 b,436.176,4071.0,12.934
L 98-59 d,10.6194,3415.0,7.101
TOI-4463 A b,173.117,5640.0,9.402
K2-100 b,188.959,5945.0,9.182
PH2 b,343.863,5734.0,11.116
TOI-3629 b,130.091,3870.0,10.553
LTT 3780 b,21.9814,3358.0,8.204001
TOI-6130 b,220.882,6110.0,9.655
TOI-2180 b,116.685,5695.0,7.604
TOI-2236 b,355.59,6248.0,9.96
TOI-5616 b,390.415,3996.0,12.735
HAT-P-60 b,233.22,6212.0,8.368
HATS-49 b,324.413,4405.0,11.938
EPIC 249893012 c,321.296,5430.0,9.714
TOI-1062 b,82.1733,5328.0,8.296
TOI-125 c,111.059,5320.0,8.995
TOI-1260 b,73.5977,4227.0,8.95
HAT-P-58 b,515.59,6078.0,10.978
TOI-532 b,135.047,3927.0,10.587
EPIC 249893012 b,321.296,5430.0,9.714
HATS-61 b,679.761,5542.0,11.478
TOI-157 b,355.683,5404.0,10.892
KPS-1 b,262.706,5165.0,10.931
Kepler-1704 b,835.455,5746.0,11.792
L 98-59 c,10.6194,3415.0,7.101
TOI-1201 b,37.8871,3476.0,8.646
Kepler-111 c,657.223,5914.0,12.11
TOI-1221 b,138.411,5592.0,9.036
K2-285 c,154.961,4975.0,9.971
HD 219134 c,6.53127,4699.0,3.261
TOI-3693 b,176.436,5321.0,10.151
TOI-1937 A b,415.135,5814.0,11.226
TOI-3785 b,79.7634,3576.0,10.165
HATS-66 b,1477.98,6626.0,12.761
TOI-2803 A b,494.818,6280.0,11.282
TOI-2818 b,312.674,5721.0,10.403
TOI-2567 b,504.775,5611.0,10.717
TOI-561 d,85.799,5372.0,8.394
EPIC 201595106 b,232.1,5679.0,10.218
GJ 3929 b,15.8095,3384.0,7.869
GJ 486 b,8.07426,3317.0,6.362
TOI-125 d,111.059,5320.0,8.995
G 9-40 b,27.9276,3395.0,9.19
TOI-1452 b,30.5212,3185.0,9.74
TOI-2421 b,327.927,5607.0,9.667
TOI-6034 b,117.992,3635.0,11.016
TOI-3976 A b,516.087,5975.0,11.048
K2-3 d,44.0727,3844.0,8.561
TOI-2580 b,379.253,6120.0,9.877
K2-216 b,115.461,4503.0,9.721
HATS-48 A b,263.609,4546.0,11.427
TOI-1899 b,128.438,3926.0,10.509
HD 260655 c,10.0055,3803.0,5.862
NGTS-27 b,942.122,5700.0,11.859
TOI-3688 A b,396.378,5950.0,10.732
HATS-74 A b,299.389,3776.9,12.361
TOI-2015 b,47.3444,3194.0,10.263
TOI-2583 A b,566.189,5936.0,11.245
HATS-47 b,300.67,4512.0,11.926
TOI-561 b,85.799,5372.0,8.394
HD 191939 c,53.6089,5348.0,7.18
GJ 3473 b,27.3644,3347.0,8.829001
LTT 3780 c,21.9814,3358.0,8.204001
NGTS-12 b,446.442,5690.0,10.588
TOI-2570 b,361.857,5771.0,10.905
TOI-2842 b,460.995,5910.0,11.062
TOI-2379 b,211.247,3707.0,11.477
NGTS-13 b,647.595,5819.0,11.141
TOI-2134 b,22.6202,4580.0,6.091
TOI-2136 b,33.3631,3342.0,9.343
TOI-5542 b,348.849,5700.0,10.897
TOI-5634 A b,306.144,3896.0,12.913
TOI-674 b,46.0851,3514.0,9.469
TOI-6651 b,212.128,5940.0,8.684
WASP-18 b,123.483,6432.0,8.131
WASP-132 b,122.91,4686.0,9.674
TOI-905 b,158.649,5570.0,9.448
WASP-193 b,362.087,6078.0,10.745
TOI-908 b,175.748,5626.0,9.637
TOI-858 B b,250.489,5842.0,9.722
TOI-815 b,59.7117,4869.0,7.999
TOI-782 b,52.5122,3370.0,9.86
TOI-815 c,59.7117,4869.0,7.999
WASP-19 b,268.325,5616.0,10.481
XO-7 b,234.149,6250.0,9.241
WASP-174 b,410.149,6399.0,10.579
WASP-166 b,114.173,6050.0,8.032
Wolf 327 b,28.5321,3542.0,8.435
TOI-836 b,27.5024,4552.0,6.804
TOI-836 c,27.5024,4552.0,6.804
WASP-77 A b,105.166,5617.0,8.405
TOI-733 b,75.2092,5585.0,7.845
TOI-954 b,238.768,5710.0,8.779
WASP-153 b,610.176,5914.0,11.051
WASP-132 c,122.91,4686.0,9.674
HD 110067 g,32.1585,5266.0,6.492
Kepler-80 b,369.451,4540.0,12.253
CoRoT-31 b,2005.76,5700.0,13.426
K2-233 b,67.5062,5033.0,8.375
TOI-2524 b,438.842,5831.0,11.198
CoRoT-8 b,322.037,5080.0,11.463
Kepler-305 d,868.477,5090.0,13.702
Kepler-413 b,847.536,4700.0,13.415
OGLE-TR-113 b,566.459,4790.0,10.03343479591837
TOI-1749 c,99.5561,3985.0,10.27
HAT-P-1 b,158.979,5980.0,8.858
KOI-94 d,477.052,6182.0,10.926
Kepler-18 c,433.047,5345.0,11.756
Kepler-79 d,1020.72,6174.0,12.606
CoRoT-6 b,645.294,6090.0,12.119
Kepler-426 b,843.695,5725.0,13.212
Kepler-44 b,1188.0,5800.0,12.878
Kepler-97 b,400.907,5779.0,11.345
Qatar-6 b,100.848,5052.0,9.226
HAT-P-24 b,415.344,6373.0,10.543
HAT-P-54 b,143.651,4390.0,10.326
K2-32 c,157.682,5271.0,9.821
NGTS-23 b,1074.95,6057.0,12.73
Qatar-2 b,181.374,4645.0,10.619
TOI-2337 b,536.046,4780.0,9.678001
TOI-2525 c,395.398,5096.0,11.905
CoRoT-16 b,732.409,5650.0,12.847
GJ 1252 b,20.373,3458.0,7.915
HD 15337 b,44.8155,5125.0,7.044
HD 21749 c,16.32,4640.0,5.375
K2-261 b,213.283,5490.0,8.89
TOI-1298 b,319.036,5752.0,10.012
TOI-1669 c,111.276,5497.0,8.462
TOI-2025 b,335.985,5977.0,10.01
TOI-2158 b,198.473,5673.0,9.071
TOI-2285 b,42.409,3491.0,9.034
TOI-3321 b,285.895,5850.0,9.67
CoRoT-30 b,1032.23,5650.0,13.562
K2-290 b,272.909,6302.0,9.42
K2-30 b,333.042,5425.0,11.088
Kepler-106 d,444.322,5858.0,11.431
Kepler-7 b,922.562,5933.0,11.535
TOI-1751 b,113.335,5970.0,7.934
TOI-2368 b,210.915,5360.0,10.342
TOI-558 b,402.63,6466.0,10.262
CoRoT-24 c,591.555,4950.0,12.924
Kepler-99 b,208.369,4782.0,10.757
NGTS-5 b,306.779,4987.0,11.612
TOI-1246 e,169.422,5213.0,9.907
TOI-329 b,284.388,5614.0,9.677
CoRoT-11 b,655.037,6440.0,11.248
HATS-46 b,453.808,5495.0,11.965
CoRoT-1 b,787.909,5950.0,12.149
CoRoT-22 b,627.158,5939.0,11.988
Kepler-100 b,304.645,5825.0,9.768
HD 21520 b,79.208,5871.0,7.707
HD 3167 b,47.2899,5261.0,7.066
K2-222 b,101.321,5942.0,8.105
Kepler-20 b,282.563,5495.0,10.871
Kepler-20 d,282.563,5495.0,10.871
NGTS-11 b,190.422,5050.0,10.315
TOI-5678 b,165.393,5485.0,9.563
K2-138 g,202.585,5356.3,10.305
KOI-3503 c,887.064,6001.0,12.483
Kepler-51 c,783.831,6018.0,13.197
CoRoT-12 b,1126.37,5675.0,13.557
HATS-24 b,494.182,6125.0,11.382
K2-132 b,609.818,4840.0,9.54
Kepler-68 c,144.166,5847.0,8.588
NGTS-21 b,592.891,4660.0,12.951
TIC 4672985 b,253.385,5757.0,9.97
TOI-178 f,62.699,4316.0,8.656
K2-60 b,491.87,5500.0,10.993
HD 114082 b,95.3906,6651.0,7.163
TOI-2152 A b,303.006,6630.0,9.597
K2-138 d,202.585,5356.3,10.305
HAT-P-53 b,666.802,5956.0,12.1
TIC 365102760 b,555.546,4900.0,9.788
HAT-P-12 b,142.751,4650.0,10.108
Kepler-553 b,728.525,5191.0,13.064
LHS 1815 b,29.8424,3643.0,7.993
TOI-3235 b,72.811,3388.8,10.819
HAT-P-23 b,364.813,5905.0,10.791
Kepler-129 c,408.845,5770.0,10.252
NGTS-3 A b,743.972,5600.0,12.814
TOI-519 b,115.557,3322.0,11.951
K2-232 b,130.72,6154.0,8.434
TOI-2714 b,597.873,5665.0,11.807
HAT-P-7 b,341.079,6389.0,9.334
HATS-51 b,389.57,5758.0,10.867
HD 137496 b,155.317,5799.0,8.244
Kepler-51 d,783.831,6018.0,13.197
Kepler-1655 b,213.26,6148.0,9.785
Kepler-52 b,321.542,4075.0,12.36
TOI-4515 b,193.499,5433.0,10.134
HATS-32 b,745.116,5700.0,12.699
HATS-54 b,748.585,5621.0,12.17
HD 152843 c,107.898,6310.0,7.629
Kepler-131 b,228.678,5685.0,10.079
TOI-5153 b,390.484,6300.0,10.408
HIP 29442 c,68.192,5289.0,7.587
HIP 9618 c,67.5478,5649.0,7.559
HD 63935 c,48.9739,5513.0,6.881
K2-138 b,202.585,5356.3,10.305
Kepler-113 c,262.351,4725.0,11.255
Qatar-10 b,559.068,6124.0,11.382
TOI-421 c,74.7969,5291.0,8.071
CoRoT-23 b,1060.97,5900.0,12.364
HATS-71 b,140.225,3405.0,11.727
HAT-P-5 b,303.336,5960.0,10.481
HAT-P-6 b,275.358,6570.0,9.313
HD 80606 b,66.4711,5561.0,7.316
TOI-1272 b,137.572,5065.0,9.701
TOI-1422 b,155.141,5840.0,9.19
TOI-6029 b,603.119,6223.0,10.369
HD 80653 b,109.86,5959.0,8.018
CoRoT-25 b,1103.48,6040.0,12.846
Kepler-18 d,433.047,5345.0,11.756
Kepler-31 c,1664.64,6340.0,13.871
TOI-1824 b,59.4314,5165.0,7.757
HATS-55 b,609.838,6214.0,12.02
Kepler-11 e,646.346,5663.0,12.18
Kepler-1513 b,349.247,5491.0,11.309
TOI-2416 b,557.733,5808.0,11.511
HD 106315 c,109.353,6327.0,7.853
HD 110067 d,32.1585,5266.0,6.492
K2-19 d,289.827,5322.0,11.161
Kepler-424 b,698.646,5460.0,12.47
Kepler-11 c,646.346,5663.0,12.18
TOI-1246 d,169.422,5213.0,9.907
TOI-1775 b,149.234,5284.0,9.722
HATS-18 b,624.368,5600.0,12.289
K2-110 b,116.474,5010.0,9.607
K2-260 b,663.834,6860.0,11.093
Kepler-101 b,927.981,5667.0,12.011
Kepler-323 c,454.883,6004.0,11.354
Kepler-4 b,487.916,5857.0,10.805
K2-417 b,94.0424,3861.0,10.06
TIC 237913194 b,306.063,5788.0,10.485
TOI-1836 b,191.649,6237.0,8.531
HAT-P-21 b,277.278,5588.0,10.111
Kepler-307 b,575.581,5367.0,12.321
TOI-1478 b,152.892,5597.0,9.201
Gaia-1 b,363.66,5470.0,11.269
HAT-P-20 b,71.0374,4595.0,8.601
Kepler-87 b,1232.9,5600.0,12.981
TOI-1268 b,109.557,5300.0,8.911
TOI-3362 b,366.987,6532.0,9.693
CoRoT-9 b,412.98,5625.0,11.688
HD 25463 c,45.6181,6353.0,5.706
K2-32 e,157.682,5271.0,9.821
KOI-1783.02,865.73,5922.0,12.621
TOI-1685 b,37.6153,3575.0,8.758
HAT-P-19 b,202.078,4962.0,10.546
HD 88986 b,33.2673,5861.0,4.884
K2-295 b,232.801,4444.0,10.03343479591837
Kepler-20 c,282.563,5495.0,10.871
TOI-1842 b,223.465,6039.0,8.446
HATS-44 b,446.035,5080.0,12.188
Kepler-22 b,194.642,5596.0,10.152
TOI-431 d,32.5686,4850.0,6.723
Kepler-45 b,381.949,3820.0,12.892
TOI-2046 b,289.668,6250.0,10.094
Kepler-20 f,282.563,5495.0,10.871
HAT-P-16 b,226.637,6158.0,9.553001
HD 86226 c,45.683,5863.0,6.463
TOI-5398 c,130.855,6000.0,8.713
HATS-29 b,353.891,5670.0,10.877
HD 332231 b,80.6665,6128.0,7.242
K2-38 b,192.69,5705.0,9.47
Kepler-106 e,444.322,5858.0,11.431
Kepler-26 b,335.307,3914.0,12.63
Kepler-422 b,722.795,5972.0,12.041
TOI-1052 b,129.804,6146.0,8.246
HD 110067 e,32.1585,5266.0,6.492
K2-136 b,59.2474,4500.0,8.368
Kepler-48 c,306.738,5194.0,11.221
TOI-2498 b,275.265,5905.0,9.933
Kepler-48 b,306.738,5194.0,11.221
TOI-3568 b,197.906,4969.0,10.581
CoRoT-14 b,1744.6,6035.0,13.806
CoRoT-2 b,213.283,5625.0,10.31
K2-24 b,170.562,5625.0,9.18
Kepler-427 b,1017.8,5800.0,12.777
TOI-1269 b,172.138,5499.0,9.89
TOI-199 b,102.27,5255.0,8.814
EPIC 220674823 c,244.59,5532.0,10.344
GJ 414 A c,11.8893,4120.0,4.979
K2-136 c,59.2474,4500.0,8.368
K2-415 b,21.8182,3173.0,9.899
KOI-94 e,477.052,6182.0,10.926
Kepler-428 b,686.284,5150.0,13.234
Kepler-6 b,587.039,5647.0,11.634
K2-290 c,272.909,6302.0,9.42
KELT-2 A b,134.058,6327.0,7.346
Kepler-131 c,228.678,5685.0,10.079
Kepler-419 b,1011.36,6430.0,11.859
HATS-13 b,421.855,5523.0,11.983
HD 22946 d,62.7792,6169.0,6.981
K2-263 b,162.481,5368.0,9.748
KELT-10 b,188.404,5948.0,9.338
TOI-1472 b,121.84,5133.0,9.277
TOI-411 b,62.7792,6169.0,6.981
Kepler-53 b,1366.07,5858.0,13.807
TOI-220 b,90.7402,5298.0,8.542
HAT-P-27 b,199.173,5316.0,10.109
HATS-33 b,248.46,5659.0,10.287
HATS-6 b,169.318,3724.0,11.224
K2-79 b,256.011,5897.0,9.907
Kepler-107 b,525.997,5854.0,11.06
TOI-4551 b,215.986,4896.0,7.524
TOI-4641 b,86.3501,6560.0,6.579
K2-29 b,178.475,5358.0,10.062
Lupus-TR-3 b,773.409,5000.0,15.068
HAT-P-49 b,350.351,6820.0,9.346
HATS-15 b,1139.55,5311.0,12.724
OGLE-TR-182 b,2501.75,5924.0,14.737
TOI-1634 b,35.2736,3472.0,8.6
TOI-431 b,32.5686,4850.0,6.723
TOI-4600 b,216.056,5170.0,10.571
HATS-39 b,878.521,6572.0,11.518
HD 63935 b,48.9739,5513.0,6.881
KOI-94 b,477.052,6182.0,10.926
Kepler-1661 b,410.607,5100.0,12.162
Kepler-406 b,364.03,5538.0,10.97
Kepler-93 b,95.9115,5669.0,8.37
HATS-31 b,773.974,6050.0,11.572
TOI-1753 b,226.671,5621.0,10.175
HAT-P-44 b,347.85,5295.0,11.275
HAT-P-39 b,697.004,6430.0,11.157
HATS-53 b,585.77,5644.0,12.046
K2-291 b,90.0562,5520.0,8.353
Kepler-1876 b,259.935,6104.0,9.472
TOI-1130 c,58.2609,4360.0,8.351
TOI-1439 b,230.306,5841.0,9.053001
HAT-P-22 b,81.7647,5302.0,7.837
Kepler-1972 c,287.339,5818.0,9.792
TOI-1516 b,247.054,6520.0,9.669
Kepler-80 d,369.451,4540.0,12.253
HAT-P-17 b,92.3831,5246.0,8.544
HAT-P-30 b,213.985,6304.0,9.151
TOI-1249 b,139.49,5497.0,9.126
TOI-1296 b,323.265,5567.0,9.742
TOI-1347 c,147.476,5464.0,9.616
TOI-1470 b,51.9503,3709.0,9.283
HATS-34 b,508.842,5380.0,12.095
HD 235088 b,41.1706,5087.0,7.084
Kepler-109 c,474.861,5950.0,11.001
Kepler-26 c,335.307,3914.0,12.63
Kepler-57 b,644.14,5187.9,12.897
Kepler-177 b,1435.44,5732.0,13.421
LTT 1445 A c,6.86929,3340.0,6.496
TOI-1670 b,168.067,6170.0,8.724
TOI-2589 b,200.273,5579.0,9.632
TOI-3894 b,417.365,6000.0,10.479
K2-33 b,139.268,3540.0,10.026
TOI-4153 b,423.84,6860.0,10.296
TOI-5232 b,609.388,6500.0,10.857
Kepler-53 c,1366.07,5858.0,13.807
TOI-1468 c,24.7399,3496.0,8.497
K2-138 e,202.585,5356.3,10.305
Kepler-307 c,575.581,5367.0,12.321
TOI-4379 b,645.158,6020.0,10.732
CoRoT-24 b,591.555,4950.0,12.924
HAT-P-29 b,313.576,6087.0,10.297
HAT-P-46 b,290.736,6120.0,9.924
Kepler-103 b,494.832,6009.0,10.873
Kepler-60 c,1025.1,5905.0,12.516
TOI-1410.01,72.7512,4635.0,8.577
TOI-4406 b,261.834,6219.0,9.73
GJ 9827 c,29.661,4236.0,7.193
K2-10 b,272.36,5620.0,10.645
Kepler-15 b,739.412,5515.0,12.216
Kepler-412 b,1086.24,5750.0,12.837
Kepler-62 b,300.874,4925.0,11.659
POTS-1 b,747.959,4400.0,14.244
CoRoT-5 b,882.472,6100.0,12.546
TOI-1194 b,149.667,5394.0,9.34
TOI-1408 c,139.484,6117.0,8.078
K2-180 b,203.896,5365.0,10.677
TOI-2076 d,41.9091,5192.0,7.115
GJ 9827 b,29.661,4236.0,7.193
K2-280 b,391.537,5500.0,10.765
HAT-P-38 b,255.206,5330.0,10.501
Kepler-1705 b,1633.49,6312.0,13.735
HAT-P-34 b,249.325,6442.0,9.247
HAT-P-35 b,506.965,6096.0,11.03
HATS-27 b,816.988,6438.0,11.55
K2-233 d,67.5062,5033.0,8.375
HATS-8 b,794.637,5679.0,12.661
TOI-2128 b,36.578,5968.0,5.821
TOI-2141 b,77.682,5659.0,7.87
TOI-260 b,20.1852,4026.0,6.549
HD 6061 b,67.6203,5934.0,7.392
TOI-411 c,62.7792,6169.0,6.981
HATS-10 b,534.889,5880.0,11.511
HATS-35 b,514.555,6300.0,11.118
HD 73344 b,35.26,6252.6,5.567
Kepler-406 c,364.03,5538.0,10.97
TOI-1411 b,32.4778,4115.0,7.25
HD 25463 b,45.6181,6353.0,5.706
HD 3167 c,47.2899,5261.0,7.066
Kepler-105 b,459.223,5933.0,11.503
Kepler-56 c,912.994,4840.0,10.227
TOI-5786 b,192.475,6235.0,8.963
HD 110067 b,32.1585,5266.0,6.492
K2-24 c,170.562,5625.0,9.18
Kepler-62 f,300.874,4925.0,11.659
TOI-4329 b,717.128,6000.0,10.63
TOI-559 b,233.266,5925.0,9.638
HAT-P-66 b,935.456,6002.0,11.675
Kepler-27 b,1044.36,5400.0,14.118
GJ 143 b,16.32,4640.0,5.375
HAT-P-8 b,211.553,6200.0,8.953
K2-19 b,289.827,5322.0,11.161
KELT-7 b,136.681,6768.0,7.543
TIC 46432937 b,90.5369,3572.0,10.195
TOI-1823 b,71.6456,4927.0,8.332
CoRoT-13 b,1148.93,5945.0,13.376
CoRoT-21 b,341.24317438112195,6200.0,13.813
Kepler-16 b,75.0852,4450.0,8.996
Kepler-74 b,1177.55,6000.0,12.958
PH1 b,1033.16,6407.0,12.395
LTT 9779 b,80.4373,5443.0,8.016
TOI-1749 d,99.5561,3985.0,10.27
NGTS-30 b,238.377,5455.0,10.501
TOI-1294 b,332.648,5718.0,9.964
TOI-178 g,62.699,4316.0,8.656
EPIC 220674823 b,244.59,5532.0,10.344
HIP 97166 b,65.9501,5216.0,7.923
Kepler-11 f,646.346,5663.0,12.18
Kepler-11 g,646.346,5663.0,12.18
TIC 279401253 b,285.584,5951.0,10.345
HD 28109 d,139.611,6120.0,8.175
L 168-9 b,25.1496,3842.0,7.082
CoRoT-17 b,1176.12,5740.0,12.472
TOI-270 b,22.4793,3506.0,8.251
CoRoT-18 b,764.889,5440.0,13.014
HAT-P-28 b,401.319,5680.0,11.104
TOI-178 d,62.699,4316.0,8.656
K2-287 b,158.335,5695.0,9.188
Kepler-1705 c,1633.49,6312.0,13.735
Kepler-1972 b,287.339,5818.0,9.792
Kepler-453 b,442.846,5527.0,11.92
Kepler-58 b,969.252,5843.0,13.283
Kepler-79 c,1020.72,6174.0,12.606
Kepler-95 b,445.656,5699.0,10.801
TOI-1259 A b,118.106,4775.0,9.619
TOI-1273 b,177.118,5690.0,9.417
TOI-201 b,113.825,6394.0,7.846
TOI-4504 c,342.605,5315.0,11.236
TOI-4633 c,95.2016,5800.0,7.349
HAT-P-55 b,511.388,5804.0,11.627
HD 183579 b,57.2651,5784.0,7.15
HIP 8152 b,101.694,5618.0,8.449
Kepler-37 c,63.9207,5357.0,7.942
HAT-P-4 b,320.451,5860.0,9.770001
Kepler-58 c,969.252,5843.0,13.283
Kepler-80 c,369.451,4540.0,12.253
TOI-2373 b,508.686,5651.0,11.586
KELT-8 b,197.572,5754.0,9.177
Kepler-117 c,1455.57,6150.0,13.011
Kepler-23 b,835.756,5828.0,11.998
Kepler-30 c,914.221,5498.0,13.581
TOI-3071 b,485.219,6177.0,11.005
TOI-4582 b,383.846,5190.0,9.329001
TOI-5076 b,82.857,5070.0,8.582
HATS-45 b,772.11,6450.0,12.137
Kepler-408 b,88.7832,6104.0,7.486
TOI-1444 b,125.463,5460.0,9.061
CoRoT-26 b,1045.18,5590.0,13.261
KOI-1783.01,865.73,5922.0,12.621
Kepler-35 b,1819.17,5606.0,13.875
Kepler-91 b,1294.69,4550.0,10.136
Kepler-102 f,107.796,4909.0,9.351
Kepler-23 d,835.756,5828.0,11.998
K2-138 f,202.585,5356.3,10.305
Kepler-407 b,338.368,5476.0,10.911
Kepler-539 b,307.318,5820.0,10.915
Kepler-77 b,639.411,5520.0,12.361
Qatar-8 b,281.498,5738.0,9.937
CoRoT-4 b,726.412,6190.0,12.288
Kepler-129 b,408.845,5770.0,10.252
Kepler-177 c,1435.44,5732.0,13.421
Qatar-4 b,329.036,5215.0,11.519
TOI-163 b,411.719,6495.0,10.124
CoRoT-27 b,1010.28,5900.0,12.985
HAT-P-50 b,515.458,6280.0,10.5
HD 42813 b,68.192,5289.0,7.587
HD 77946 b,99.451,6007.0,7.622
Kepler-106 b,444.322,5858.0,11.431
Kepler-79 b,1020.72,6174.0,12.606
TOI-2338 b,313.996,5581.0,10.664
HD 209458 b,48.3016,6091.0,6.308
Kepler-19 b,218.562,5541.0,10.318
Kepler-21 b,108.522,6305.0,6.945
Kepler-98 b,350.315,5539.0,11.253
TOI-2202 b,235.933,5144.0,10.8
HATS-50 b,756.742,5990.0,12.289
K2-38 c,192.69,5705.0,9.47
HATS-1 b,283.971,5870.0,10.58
Kepler-102 d,107.796,4909.0,9.351
TIC 172900988 b,250.956,6050.0,8.762
TOI-4914 b,299.89,5805.0,10.706
HAT-P-37 b,390.594,5500.0,11.667
HD 110067 f,32.1585,5266.0,6.492
Kepler-46 b,777.06,5155.0,13.347
Kepler-9 b,628.257,5774.0,12.337
CoRoT-28 b,766.183,5150.0,11.032
HIP 8152 c,101.694,5618.0,8.449
K2-237 b,314.995,6180.0,10.217
Kepler-433 b,1878.31,6360.0,12.826
KOI-142 b,376.863,5466.0,11.454
Kepler-32 b,323.847,3900.0,12.757
Kepler-418 b,1002.53,5820.0,13.103
Kepler-79 e,1020.72,6174.0,12.606
TOI-1443 b,85.8034,5224.0,8.674
TOI-244 b,22.0337,3433.0,7.97
TOI-2977 b,341.24317438112195,5691.0,10.666
TOI-4600 c,216.056,5170.0,10.571
TOI-628 b,178.68,6250.0,8.811
CoRoT-36 b,925.958,6730.0,11.592
HAT-P-51 b,440.089,5453.0,11.614
Kepler-30 b,914.221,5498.0,13.581
Kepler-425 b,646.647,5170.0,12.806
Kepler-538 b,155.956,5534.0,9.645001
Kepler-85 c,765.025,5505.2,13.083
TOI-2525 b,395.398,5096.0,11.905
HD 97658 b,21.5618,5212.0,5.734
Kepler-68 b,144.166,5847.0,8.588
HAT-P-26 b,141.837,5079.0,9.581
Kepler-109 b,474.861,5950.0,11.001
TOI-1776 b,44.647,5785.0,6.687
HD 149026 b,75.8643,6179.0,6.819
TOI-2981 b,527.789,5940.0,11.78
Kepler-52 c,321.542,4075.0,12.36
Kepler-78 b,124.376,5058.0,9.586
Kepler-94 b,191.904,4781.0,10.594
TOI-2088 b,126.46,5081.0,9.521
Kepler-167 e,341.908,4884.0,11.832
TOI-1347 b,147.476,5464.0,9.616
Kepler-289 b,704.438,5990.0,12.508
TOI-1836 c,191.649,6237.0,8.531
K2-114 b,475.758,4899.0,12.304
TOI-178 e,62.699,4316.0,8.656
TOI-2184 b,788.317,5966.0,10.41
TOI-4377 b,455.82,4974.0,9.148
GJ 9827 d,29.661,4236.0,7.193
HD 63433 c,22.4035,5634.0,5.258
KELT-11 b,99.1596,5375.0,6.122
Kepler-128 b,396.379,6072.0,10.109
Kepler-57 c,644.14,5187.9,12.897
TOI-1248 b,168.735,5205.0,9.87
K2-111 b,200.394,5775.0,9.377
Kepler-103 c,494.832,6009.0,10.873
TOI-1235 b,39.6345,3997.0,7.893
TOI-251 b,99.523,5875.0,8.426
HATS-57 b,279.485,5587.0,10.707
K2-146 b,79.3002,3385.0,11.37
K2-199 c,107.518,4491.0,9.625
Kepler-17 b,720.753,5781.0,12.585
TOI-2076 b,41.9091,5192.0,7.115
HAT-P-31 b,344.05,6065.0,10.083
HIP 94235 b,58.5146,5991.0,6.881
Kepler-107 c,525.997,5854.0,11.06
Kepler-1708 b,1666.69,6157.0,14.089
TOI-2076 c,41.9091,5192.0,7.115
HAT-P-45 b,298.64,6330.0,10.201
HD 152843 b,107.898,6310.0,7.629
HD 15337 c,44.8155,5125.0,7.044
KELT-16 b,444.586,6236.0,10.642
Kepler-101 c,927.981,5667.0,12.011
HD 213885 b,48.0883,5978.0,6.419
HD 28109 c,139.611,6120.0,8.175
Kepler-23 c,835.756,5828.0,11.998
Kepler-32 c,323.847,3900.0,12.757
NGTS-6 b,308.262,4730.0,11.65
TOI-544 b,41.1166,4169.0,7.8
LHS 1478 b,18.2276,3381.0,8.767
K2-141 b,61.8736,4570.0,8.401
Kepler-29 c,832.532,5378.0,13.657
Kepler-40 b,2305.01,6510.0,13.27
CoRoT-29 b,806.507,5260.0,13.048
HATS-5 b,246.384,5304.0,10.703
HATS-52 b,555.134,6010.0,12.114
Kepler-41 b,1093.08,5750.0,12.892
Kepler-75 b,835.356,5200.0,13.118
TOI-1246 c,169.422,5213.0,9.907
K2-31 b,110.527,5280.0,8.866
Kepler-100 c,304.645,5825.0,9.768
Kepler-447 b,268.041,5493.0,10.806
TOI-178 c,62.699,4316.0,8.656
HAT-P-56 b,320.639,6566.0,9.83
HD 93963 A b,82.3432,5908.0,7.776
Qatar-1 b,185.615,5013.0,10.409
TOI-1386 b,146.858,5735.0,9.086
TOI-1820 b,248.504,5734.0,9.508
TOI-2374 b,134.655,4802.0,9.793
TOI-1075 b,61.4592,3875.0,9.115
TOI-421 b,74.7969,5291.0,8.071
HAT-P-52 b,361.155,5131.0,11.621
HD 110067 c,32.1585,5266.0,6.492
K2-265 b,138.671,5420.0,9.259
NGTS-4 b,280.555,5143.0,11.073
TOI-1601 b,336.608,5982.0,9.191
TOI-481 b,179.366,5735.0,8.443
TOI-5005 b,207.891,5749.0,10.004
K2-233 c,67.5062,5033.0,8.375
HD 221416 b,95.5483,5080.0,6.043
55 Cnc e,12.5855,5172.0,4.015
Kepler-28 b,438.359,4499.3,12.719
Kepler-76 b,822.96,6409.0,12.092
TOI-1199 b,248.427,5710.0,9.466
HD 189733 b,19.7638,5052.0,5.541
K2-266 b,77.5586,4285.0,8.897
HAT-P-36 b,294.419,5620.0,10.603
K2-131 b,152.509,5120.0,10.051
KOI-94 c,477.052,6182.0,10.926
Kepler-102 e,107.796,4909.0,9.351
Kepler-106 c,444.322,5858.0,11.431
KELT-3 b,210.252,6304.0,8.662
Kepler-24 b,1156.81,6028.0,13.372
Kepler-80 e,369.451,4540.0,12.253
CoRoT-19 b,790.663,6090.0,11.837
Kepler-128 c,396.379,6072.0,10.109
Kepler-289 c,704.438,5990.0,12.508
Kepler-454 b,230.869,5687.0,9.968
HATS-14 b,513.011,5346.0,12.037
K2-18 b,38.0266,3457.0,8.899
GJ 3090 b,22.4751,3556.0,7.294
Kepler-117 b,1455.57,6150.0,13.011
HATS-28 b,535.383,5498.0,12.086
HATS-42 b,800.377,6060.0,12.245
TOI-1437 b,103.297,6008.0,7.817
TOI-2107 b,236.705,5627.0,10.328
HATS-4 b,416.459,5403.0,11.612
Kepler-24 c,1156.81,6028.0,13.372
TOI-1694 b,124.68,5058.0,9.425
TOI-332 b,222.852,5251.0,10.315
HD 63433 b,22.4035,5634.0,5.258
K2-115 b,413.591,5870.0,11.724
K2-39 b,307.47,4881.0,8.516
Kepler-37 d,63.9207,5357.0,7.942
TOI-1670 c,168.067,6170.0,8.724
HD 93963 A c,82.3432,5908.0,7.776
K2-141 c,61.8736,4570.0,8.401
EPIC 229004835 b,121.971,5868.0,8.725
Kepler-107 d,525.997,5854.0,11.06
Kepler-43 b,1005.84,6041.0,12.549
Kepler-49 b,311.222,4095.6,12.383
NGTS-10 b,341.24317438112195,4600.0,11.728
TOI-1451 b,91.9362,5801.0,8.073
TOI-1794 b,155.791,5631.0,8.692
TOI-2109 b,262.041,6540.0,9.07
Gaia-2 b,209.229,5720.0,9.742
Kepler-107 e,525.997,5854.0,11.06
Kepler-323 b,454.883,6004.0,11.354
Kepler-62 e,300.874,4925.0,11.659
TOI-2018 b,27.9956,4174.0,7.104
TOI-480 b,54.5306,6174.0,6.01
BD+20 594 b,179.461,5766.0,9.368
K2-182 b,154.83,5128.0,9.913
TOI-2145 b,224.731,6200.0,7.761
HAT-P-18 b,161.4,4803.0,10.234
HD 17156 b,78.0863,6040.0,6.763
NGTS-14 A b,322.148,5187.0,11.305
NGTS-20 b,382.898,5980.0,9.83
TOI-530 b,148.762,3659.0,11.238
HATS-3 b,411.211,6351.0,10.694
Kepler-56 b,912.994,4840.0,10.227
OGLE-TR-132 b,2012.62,6210.0,14.99
TOI-1789 b,229.067,5991.0,8.345
HATS-16 b,757.044,5738.0,12.28
HD 2685 b,196.852,6801.0,8.595
Qatar-9 b,213.771,4309.0,11.104
TOI-1130 b,58.2609,4360.0,8.351
TOI-1807 b,42.5775,4914.0,7.568
TOI-3919 b,604.591,6100.0,11.502
K2-97 b,878.43,4673.0,10.035
Kepler-30 d,914.221,5498.0,13.581
Kepler-60 d,1025.1,5905.0,12.516
TOI-1279 b,107.055,5457.0,8.887
TOI-1468 b,24.7399,3496.0,8.497
TOI-1742 b,72.8871,5815.0,7.335
Kepler-100 d,304.645,5825.0,9.768
TOI-1470 c,51.9503,3709.0,9.283
TOI-1696 b,64.9172,3185.0,11.331
TOI-2447 b,148.987,5730.0,9.12
TOI-150.01,336.267,6255.0,9.94
K2-36 c,109.749,4916.0,9.454001
KOI-3680 b,921.986,5830.0,13.101
TOI-2019 b,198.007,5626.0,8.598
CoRoTID 223977153 b,576.683,5970.0,12.193
K2-36 b,109.749,4916.0,9.454001
TOI-6255 b,20.3167,3421.0,8.071
HAT-P-40 b,464.469,6080.0,10.009
HATS-58 A b,403.591,7175.0,10.289
Kepler-5 b,899.777,6297.0,11.769
TOI-178 b,62.699,4316.0,8.656
CoRoT-7 b,159.906,5275.0,9.806
HATS-30 b,342.14,5943.0,10.793
Kepler-113 b,262.351,4725.0,11.255
OGLE-TR-56 b,341.24317438112195,6050.0,10.03343479591837
K2-136 d,59.2474,4500.0,8.368
Kepler-85 b,765.025,5505.2,13.083
GJ 414 A b,11.8893,4120.0,4.979
HAT-P-42 b,405.238,5743.0,10.626
KOI-1257 b,341.24317438112195,5520.0,12.726
HAT-P-14 b,222.663,6600.0,8.851
HD 89345 b,132.345,5576.0,7.721
Kepler-10 b,185.506,5708.0,9.496
Kepler-11 b,646.346,5663.0,12.18
Kepler-63 b,194.033,5576.0,9.997
LP 714-47 b,52.616,3950.0,8.626
NGTS-25 b,521.233,5321.0,12.324
TOI-5398 b,130.855,6000.0,8.713
CoRoT-10 b,338.386,5075.0,11.782
HATS-22 b,229.518,4803.0,10.942
KELT-6 b,240.726,6102.0,9.083
HAT-P-65 b,738.519,5872.0,11.528
HD 106315 b,109.353,6327.0,7.853
HIP 9618 b,67.5478,5649.0,7.559
K2-12 b,326.381,5672.0,10.605
Kepler-36 b,527.956,5979.0,10.788
Kepler-432 b,848.023,4995.0,10.121
OGLE2-TR-L9 b,1627.63,6933.0,13.117
HD 118203 b,92.2589,5788.0,6.543
K2-19 c,289.827,5322.0,11.161
K2-199 b,107.518,4491.0,9.625
Kepler-36 c,527.956,5979.0,10.788
TIC 241249530 b,324.448,6166.0,10.192
K2-138 c,202.585,5356.3,10.305
K2-146 c,79.3002,3385.0,11.37
Kepler-409 b,68.173,5421.0,7.768
TOI-286 b,59.2293,5152.0,7.851
HD 207897 b,28.2938,5106.0,6.312
K2-238 b,537.963,5630.0,12.032
Kepler-434 b,1222.54,5977.0,13.039
Kepler-9 c,628.257,5774.0,12.337
TOI-1333 b,200.492,6274.0,8.272
TOI-286 c,59.2293,5152.0,7.851
TOI-6038 A b,179.147,6110.0,8.445
Kepler-11 d,646.346,5663.0,12.18
Kepler-29 b,832.532,5378.0,13.657
TOI-5720 b,35.8256,3325.0,9.288
HATS-7 b,240.707,4985.0,10.976
Kepler-38 b,1174.59,5623.0,12.342
Qatar-3 b,735.601,6007.0,11.219
HAT-P-3 b,134.554,5185.0,9.448
HATS-25 b,471.158,5715.0,11.416
Kepler-289 d,704.438,5990.0,12.508
OGLE-TR-10 b,1344.97,5950.0,12.856
GJ 3470 b,29.4214,3600.0,7.989
Kepler-14 b,341.24317438112195,6395.0,10.988
Kepler-34 b,1800.82,5913.0,13.238
Kepler-62 d,300.874,4925.0,11.659
NGTS-24 b,683.062,5820.0,11.51
Kepler-1658 b,788.238,6216.0,10.195
TOI-1181 b,302.819,6054.0,9.22
TOI-270 d,22.4793,3506.0,8.251
GJ 806 b,12.0445,3600.0,6.533
KOI-1833 d,290.324,4413.0,11.831
Kepler-51 b,783.831,6018.0,13.197
TOI-1450 A b,22.4467,3437.0,7.565
TOI-1811 b,128.23,4766.0,9.643
TOI-1898 b,79.6682,6241.0,6.663
HATS-43 b,362.273,5099.0,11.556
K2-32 b,157.682,5271.0,9.821
Kepler-18 b,433.047,5345.0,11.756
Kepler-423 b,758.753,5560.0,12.779
Kepler-8 b,1021.87,6213.0,12.293
Kepler-87 c,1232.9,5600.0,12.981
EPIC 246851721 b,372.632,6202.0,9.893
KOI-1831 d,501.574,5233.0,12.291
Kepler-31 d,1664.64,6340.0,13.871
TOI-270 c,22.4793,3506.0,8.251
TOI-5108 b,130.919,5808.0,8.3
Kepler-96 b,122.881,5690.0,8.868
TOI-1853 b,165.105,4985.0,10.055
TOI-1801 b,30.6796,3863.0,7.805
Kepler-60 b,1025.1,5905.0,12.516
Qatar-5 b,367.658,5747.0,10.956
KOI-3503 b,887.064,6001.0,12.483
Kepler-10 c,185.506,5708.0,9.496
OGLE-TR-211 b,1515.26,6325.0,13.379
TOI-1749 b,99.5561,3985.0,10.27
TOI-1855 b,176.833,5359.0,9.523
TOI-2154 b,296.46,6280.0,9.85
HATS-41 b,737.668,6424.0,11.498
K2-98 b,518.625,6260.0,10.869
TOI-1710 b,81.2271,5684.0,7.959
TOI-2529 b,296.271,5802.0,9.489
TOI-5301 b,629.161,6240.0,10.336
K2-416 b,120.311,3746.0,10.734
TOI-1246 b,169.422,5151.0,9.907
K2-32 d,157.682,5271.0,9.821
Kepler-1647 b,1212.45,6210.0,12.007
HD 18599 b,38.5653,5145.0,6.883
Kepler-105 c,459.223,5933.0,11.503
Kepler-49 c,311.222,4095.6,12.383
NGTS-2 b,356.391,6478.0,9.799
TOI-1736 b,88.9482,5636.0,7.283
HAT-P-11 b,37.7647,4780.0,7.009
HIP 29442 d,68.192,5289.0,7.587
TOI-1288 b,114.865,5388.0,8.779
HAT-P-15 b,192.516,5568.0,9.641
HATS-40 b,1342.29,6460.0,12.147
HD 28109 b,139.611,6120.0,8.175
Kepler-28 c,438.359,4499.3,12.719
Kepler-48 d,306.738,5194.0,11.221
WASP-14 b,161.997,6475.0,8.621
WASP-129 b,301.462,5900.0,10.412
TOI-663 c,64.2308,3681.0,9.607
WASP-82 b,275.664,6480.0,8.759
WASP-163 b,261.386,5500.0,10.147
WASP-130 b,172.256,5625.0,9.461
WASP-69 b,49.9605,4700.0,7.459
WASP-94 A b,211.211,6170.0,8.874
TOI-969 b,77.2554,4435.0,8.879
TrES-2 b,215.32,5850.0,9.846
WASP-119 b,302.448,5650.0,10.545
WASP-158 b,524.993,6350.0,10.881
WASP-159 b,715.383,6120.0,11.017
WASP-44 b,364.512,5420.0,11.341
TOI-757 b,60.3418,5278.0,7.874
WASP-185 b,279.35,5900.0,9.505
WASP-192 b,508.885,5910.0,11.137
WASP-164 b,327.506,5806.0,10.959
WASP-72 b,434.754,6250.0,9.617
WASP-113 b,435.156,5890.0,10.311
WASP-190 b,542.251,6400.0,10.65
WASP-36 b,386.346,5959.0,11.294
V1298 Tau e,108.199,4941.0,8.094
TrES-4 b,515.98,6200.0,10.33
WASP-135 b,298.214,5675.0,11.037
WASP-52 b,174.818,5000.0,10.086
TOI-776 b,27.1701,3725.0,7.615
WASP-168 b,303.941,6000.0,10.443
TOI-784 b,64.5997,5558.0,7.64
WASP-54 b,251.303,6100.0,9.035
WASP-60 b,431.052,5900.0,10.585
WASP-7 b,162.303,6400.0,8.396
WASP-6 b,197.119,5450.0,10.325
WASP-145 A b,91.299,4900.0,9.194
WASP-41 b,163.371,5545.0,9.677
WASP-49 b,194.553,5600.0,9.749
WASP-63 b,290.684,5550.0,9.393
WASP-65 b,273.703,5600.0,10.346
WASP-123 b,197.996,5740.0,9.362001
WASP-56 b,321.084,5600.0,10.532
WASP-117 b,157.963,6040.0,8.78
WASP-139 b,212.472,5310.0,10.472
TOI-778 b,161.743,6643.0,8.055
WASP-23 b,207.49,5150.0,10.45
WASP-3 b,231.161,6400.0,9.361
WASP-71 b,362.715,6050.0,9.32
TOI-677 b,141.812,6295.0,8.429
WASP-144 b,355.513,5200.0,10.897
WASP-10 b,140.998,4675.0,9.983
XO-5 b,276.211,5430.0,10.345
WASP-35 b,202.218,5990.0,9.525
WASP-124 b,448.637,6050.0,11.31
WASP-31 b,383.829,6302.0,10.65
WASP-87 b,298.392,6450.0,9.552
WASP-11 b,124.73,4800.0,9.421
WASP-114 b,523.337,5940.0,11.074
WASP-88 b,523.756,6430.0,10.322
Wendelstein-1 b,305.3,4251.0,12.198
WASP-167 b,423.552,7000.0,9.76
WASP-55 b,297.462,5900.0,10.396
WASP-92 b,575.889,6280.0,11.519
XO-1 b,163.553,5750.0,9.527
WASP-20 b,211.877,5940.0,9.39
WASP-2 b,153.242,5180.0,9.632
WASP-101 b,201.224,6380.0,9.075
WASP-48 b,454.144,5920.0,10.372
WASP-24 b,322.114,6075.0,10.148
WASP-184 b,663.231,6000.0,11.262
WASP-100 b,364.411,6900.0,9.669
WASP-45 b,211.196,5150.0,10.294
WASP-176 b,568.42,5941.0,10.648
XO-3 b,213.053,6429.0,8.791
WASP-186 b,278.514,6361.0,9.532
TOI-762 A b,98.4458,3266.0,11.084
WASP-173 A b,232.98,5800.0,10.002
WASP-183 b,325.377,5313.0,11.207
WASP-5 b,309.137,5700.0,10.598
WASP-13 b,227.537,5950.0,9.119
WASP-180 A b,253.985,6600.0,9.812
TOI-824 b,63.9262,4600.0,8.432
WASP-148 b,246.353,5555.0,10.506
WASP-73 b,316.678,6030.0,9.028
WASP-95 b,137.544,5830.0,8.564
WASP-89 b,290.946,5130.0,11.004
WASP-156 b,122.066,4987.0,9.339
WASP-26 b,252.759,6034.0,9.69
WASP-142 b,730.933,6010.0,11.442
WASP-150 b,527.995,6218.0,10.747
WASP-22 b,317.652,6000.0,10.318
WASP-169 b,627.066,6110.0,10.483
TOI-837 b,142.488,5995.0,8.933
WASP-32 b,275.994,6140.0,10.161
TrES-3 b,231.337,5650.0,10.608
WASP-66 b,500.258,6600.0,10.452
WASP-162 b,310.841,5300.0,10.466
WASP-105 b,169.272,5070.0,9.935
WASP-99 b,158.66,6150.0,8.088
TOI-6383 A b,171.319,3444.0,12.087
WASP-133 b,559.084,5700.0,11.18
WASP-75 b,294.001,6100.0,10.062
TOI-663 b,64.2308,3681.0,9.607
WASP-15 b,282.091,6300.0,9.693
WASP-97 b,151.068,5640.0,9.03
WASP-67 b,189.469,5200.0,10.129
TOI-849 b,225.734,5257.0,10.418
WASP-16 b,194.134,5700.0,9.589
WASP-106 b,352.181,6055.0,10.161
WASP-90 b,466.433,6430.0,10.248
WASP-93 b,370.284,6700.0,9.942
TOI-776 c,27.1701,3725.0,7.615
WASP-37 b,392.791,5800.0,11.093
WASP-46 b,375.31,5600.0,11.401
WASP-79 b,246.69,6600.0,9.056
TOI-763 b,95.1274,5450.0,8.49
WASP-38 b,136.24,6180.0,7.998
WASP-59 b,115.936,4650.0,9.723
WASP-80 b,49.7876,4143.0,8.351
WASP-61 b,488.66,6250.0,11.008
TOI-663 d,64.2308,3681.0,9.607
WASP-118 b,376.658,6410.0,9.788
WASP-140 b,117.598,5260.0,9.165
WASP-110 b,274.96,5400.0,10.871
WASP-160 B b,288.326,5298.0,11.055
TOI-763 c,95.1274,5450.0,8.49
WASP-138 b,414.234,6272.0,10.494
WASP-96 b,352.464,5540.0,10.914
WASP-187 b,371.414,6150.0,8.79
WASP-171 b,757.84,5965.0,11.104
WASP-182 b,327.602,5638.0,10.431
WASP-25 b,211.416,5750.0,10.174
WASP-4 b,267.206,5400.0,10.746
Wendelstein-2 b,565.541,4591.0,13.332
WASP-74 b,149.216,5990.0,8.221
TrES-5 b,360.313,5171.0,11.591
WASP-136 b,275.587,6260.0,8.805
TOI-892 b,340.543,6261.0,10.106
WASP-104 b,185.932,5475.0,9.882
WASP-34 b,132.096,5700.0,8.792
WASP-141 b,516.543,5900.0,11.194
WASP-177 b,176.818,5017.0,10.163
WASP-70 A b,222.355,5763.0,9.58
WASP-91 b,149.942,4920.0,9.712
WASP-85 A b,141.887,6112.0,8.733
WASP-43 b,86.7467,4400.0,9.267
WASP-147 b,436.098,5702.0,10.857
WASP-161 b,343.08,6400.0,9.837
WASP-103 b,375.647,6110.0,10.767
XO-4 b,272.655,6397.0,9.406
WASP-68 b,226.399,5910.0,8.948
WASP-83 b,271.103,5510.0,10.393
WASP-131 b,200.075,6030.0,8.573
WASP-98 b,281.742,5473.0,11.284
WTS-1 b,2346.01,6250.0,15.271
WASP-81 b,398.505,5870.0,10.892
WASP-42 b,177.291,5315.0,10.033
WASP-58 b,290.404,5800.0,10.285
WASP-120 b,381.174,6450.0,9.877
WASP-172 b,538.11,6900.0,10.13
WASP-8 b,89.9606,5600.0,8.086
TrES-1 b,159.658,5230.0,9.819
WASP-170 b,305.603,5600.0,10.724
Wolf 503 b,44.526,4716.0,7.617
WASP-165 b,602.236,5599.0,11.024
WASP-181 b,437.495,5839.0,11.443
WTS-2 b,341.24317438112195,5000.0,13.414
WASP-175 b,539.36,6229.0,11.471
WASP-50 b,184.848,5400.0,9.969
WASP-57 b,398.276,5600.0,11.244
TOI-669 b,142.867,5597.0,9.134
WASP-64 b,369.926,5400.0,10.956
WASP-62 b,175.631,6230.0,8.944
WASP-29 b,87.5953,4800.0,8.783
WASP-53 b,201.338,4953.0,10.39
