Planet_Mass_Earth,Equilibrium_Temperature,Planet_Radius_Earth,Category,Category_Index,features_cat,rawPrediction,probability,prediction
23.6,635,5.25,Gas Giant,0.0,"[23.6,635.0,5.25]","[9.988344988344988,0.011655011655011656]","[0.9988344988344988,0.0011655011655011655]",0.0
379.0,1060,3.0,Gas Giant,0.0,"[379.0,1060.0,3.0]","[9.953862229724297,0.04613777027570131]","[0.99538622297243,0.004613777027570132]",0.0
43.86054,1324,9.785,Gas Giant,0.0,"[43.86054,1324.0,9.785]","[9.988344988344988,0.011655011655011656]","[0.9988344988344988,0.0011655011655011655]",0.0
921.707,1448,11.994,Gas Giant,0.0,"[921.707,1448.0,11.994]","[9.988344988344988,0.011655011655011656]","[0.9988344988344988,0.0011655011655011655]",0.0
235.1942,1468,17.878,Gas Giant,0.0,"[235.1942,1468.0,17.878]","[9.988344988344988,0.011655011655011656]","[0.9988344988344988,0.0011655011655011655]",0.0
309.8827,1893,18.114,Gas Giant,0.0,"[309.8827,1893.0,18.114]","[9.988344988344988,0.011655011655011656]","[0.9988344988344988,0.0011655011655011655]",0.0
9.1,279,2.1,Rocky Planet,1.0,"[9.1,279.0,2.1]","[1.0,9.0]","[0.1,0.9]",1.0
1652.70772,447,2.66,Gas Giant,0.0,"[1652.70772,447.0,2.66]","[9.953862229724297,0.04613777027570131]","[0.99538622297243,0.004613777027570132]",0.0
8.0,695,7.0,Rocky Planet,1.0,"[8.0,695.0,7.0]","[0.0,10.0]","[0.0,1.0]",1.0
8.21,2300,1.725,Rocky Planet,1.0,"[8.21,2300.0,1.725]","[0.0,10.0]","[0.0,1.0]",1.0
1322.16617,254,11.949,Gas Giant,0.0,"[1322.16617,254.0,11.949]","[9.988344988344988,0.011655011655011656]","[0.9988344988344988,0.0011655011655011655]",0.0
15.4,330,3.65,Gas Giant,0.0,"[15.4,330.0,3.65]","[9.953862229724297,0.04613777027570131]","[0.99538622297243,0.004613777027570132]",0.0
8.0,600,3.195,Rocky Planet,1.0,"[8.0,600.0,3.195]","[0.09090909090909091,9.90909090909091]","[0.009090909090909089,0.9909090909090909]",1.0
457.67291,1570,13.574,Gas Giant,0.0,"[457.67291,1570.0,13.574]","[9.988344988344988,0.011655011655011656]","[0.9988344988344988,0.0011655011655011655]",0.0
451.31634,2360,15.693,Gas Giant,0.0,"[451.31634,2360.0,15.693]","[9.988344988344988,0.011655011655011656]","[0.9988344988344988,0.0011655011655011655]",0.0
6.37,395,2.19,Rocky Planet,1.0,"[6.37,395.0,2.19]","[0.0,10.0]","[0.0,1.0]",1.0
6.36,698,1.9,Rocky Planet,1.0,"[6.36,698.0,1.9]","[0.0,10.0]","[0.0,1.0]",1.0
8.8,531,2.77,Rocky Planet,1.0,"[8.8,531.0,2.77]","[0.09090909090909091,9.90909090909091]","[0.009090909090909089,0.9909090909090909]",1.0
5.39,800,2.91,Rocky Planet,1.0,"[5.39,800.0,2.91]","[0.0,10.0]","[0.0,1.0]",1.0
108.06,1300,12.22,Gas Giant,0.0,"[108.06,1300.0,12.22]","[9.988344988344988,0.011655011655011656]","[0.9988344988344988,0.0011655011655011655]",0.0
750.39663,1733,14.874,Gas Giant,0.0,"[750.39663,1733.0,14.874]","[9.988344988344988,0.011655011655011656]","[0.9988344988344988,0.0011655011655011655]",0.0
233.92288,1955,17.295,Gas Giant,0.0,"[233.92288,1955.0,17.295]","[9.988344988344988,0.011655011655011656]","[0.9988344988344988,0.0011655011655011655]",0.0
9.2,1022,4.09,Rocky Planet,1.0,"[9.2,1022.0,4.09]","[1.0,9.0]","[0.1,0.9]",1.0
20.8,1199,2.854,Gas Giant,0.0,"[20.8,1199.0,2.854]","[9.953862229724297,0.04613777027570131]","[0.99538622297243,0.004613777027570132]",0.0
10.0,1378,1.597,Rocky Planet,1.0,"[10.0,1378.0,1.597]","[2.5357142857142856,7.464285714285714]","[0.25357142857142856,0.7464285714285714]",1.0
230.10892,1028,12.016,Gas Giant,0.0,"[230.10892,1028.0,12.016]","[9.988344988344988,0.011655011655011656]","[0.9988344988344988,0.0011655011655011655]",0.0
378.2177,1134,11.31,Gas Giant,0.0,"[378.2177,1134.0,11.31]","[9.988344988344988,0.011655011655011656]","[0.9988344988344988,0.0011655011655011655]",0.0
1064.72516,1728,14.572,Gas Giant,0.0,"[1064.72516,1728.0,14.572]","[9.988344988344988,0.011655011655011656]","[0.9988344988344988,0.0011655011655011655]",0.0
177.98,1790,14.46,Gas Giant,0.0,"[177.98,1790.0,14.46]","[9.988344988344988,0.011655011655011656]","[0.9988344988344988,0.0011655011655011655]",0.0
2.0,2310,1.425,Rocky Planet,1.0,"[2.0,2310.0,1.425]","[0.0,10.0]","[0.0,1.0]",1.0
212.31044,1006,11.904,Gas Giant,0.0,"[212.31044,1006.0,11.904]","[9.988344988344988,0.011655011655011656]","[0.9988344988344988,0.0011655011655011655]",0.0
1.42,1617,1.166,Rocky Planet,1.0,"[1.42,1617.0,1.166]","[0.0,10.0]","[0.0,1.0]",1.0
5.72,2463,1.613,Rocky Planet,1.0,"[5.72,2463.0,1.613]","[0.0,10.0]","[0.0,1.0]",1.0
10.0,1075,2.428,Rocky Planet,1.0,"[10.0,1075.0,2.428]","[1.7607142857142857,8.239285714285714]","[0.17607142857142857,0.8239285714285713]",1.0
2.2,305,1.458,Rocky Planet,1.0,"[2.2,305.0,1.458]","[0.0,10.0]","[0.0,1.0]",1.0
11.26,1121,1.343,Gas Giant,0.0,"[11.26,1121.0,1.343]","[10.0,0.0]","[1.0,0.0]",0.0
1112.39942,440,2.91,Gas Giant,0.0,"[1112.39942,440.0,2.91]","[9.953862229724297,0.04613777027570131]","[0.99538622297243,0.004613777027570132]",0.0
37.0,300,3.683,Gas Giant,0.0,"[37.0,300.0,3.683]","[9.953862229724297,0.04613777027570131]","[0.99538622297243,0.004613777027570132]",0.0
9.8,973,3.486,Rocky Planet,1.0,"[9.8,973.0,3.486]","[2.630052705914775,7.369947294085225]","[0.2630052705914775,0.7369947294085225]",1.0
130.9453,689,10.604,Gas Giant,0.0,"[130.9453,689.0,10.604]","[9.988344988344988,0.011655011655011656]","[0.9988344988344988,0.0011655011655011655]",0.0
343.0,737,11.6,Gas Giant,0.0,"[343.0,737.0,11.6]","[9.988344988344988,0.011655011655011656]","[0.9988344988344988,0.0011655011655011655]",0.0
273.3338,1587,14.572,Gas Giant,0.0,"[273.3338,1587.0,14.572]","[9.988344988344988,0.011655011655011656]","[0.9988344988344988,0.0011655011655011655]",0.0
371.85924,1890,13.675,Gas Giant,0.0,"[371.85924,1890.0,13.675]","[9.988344988344988,0.011655011655011656]","[0.9988344988344988,0.0011655011655011655]",0.0
7.5,2015,1.639,Rocky Planet,1.0,"[7.5,2015.0,1.639]","[0.0,10.0]","[0.0,1.0]",1.0
629.14449,2069,14.897,Gas Giant,0.0,"[629.14449,2069.0,14.897]","[9.988344988344988,0.011655011655011656]","[0.9988344988344988,0.0011655011655011655]",0.0
1.58,581,1.206,Rocky Planet,1.0,"[1.58,581.0,1.206]","[0.0,10.0]","[0.0,1.0]",1.0
57.0,831,1.39,Gas Giant,0.0,"[57.0,831.0,1.39]","[10.0,0.0]","[1.0,0.0]",0.0
4.55,1371,2.05,Rocky Planet,1.0,"[4.55,1371.0,2.05]","[0.0,10.0]","[0.0,1.0]",1.0
753.2571,1679,15.648,Gas Giant,0.0,"[753.2571,1679.0,15.648]","[9.988344988344988,0.011655011655011656]","[0.9988344988344988,0.0011655011655011655]",0.0
123.9537,1700,17.374,Gas Giant,0.0,"[123.9537,1700.0,17.374]","[9.988344988344988,0.011655011655011656]","[0.9988344988344988,0.0011655011655011655]",0.0
158.915,206,9.18,Gas Giant,0.0,"[158.915,206.0,9.18]","[9.988344988344988,0.011655011655011656]","[0.9988344988344988,0.0011655011655011655]",0.0
95.03117,1186,13.271,Gas Giant,0.0,"[95.03117,1186.0,13.271]","[9.988344988344988,0.011655011655011656]","[0.9988344988344988,0.0011655011655011655]",0.0
188.47225,1783,15.648,Gas Giant,0.0,"[188.47225,1783.0,15.648]","[9.988344988344988,0.011655011655011656]","[0.9988344988344988,0.0011655011655011655]",0.0
6.4,403,6.14,Rocky Planet,1.0,"[6.4,403.0,6.14]","[0.0,10.0]","[0.0,1.0]",1.0
85.3,759,12.0,Gas Giant,0.0,"[85.3,759.0,12.0]","[9.988344988344988,0.011655011655011656]","[0.9988344988344988,0.0011655011655011655]",0.0
139.8452,1260,9.528,Gas Giant,0.0,"[139.8452,1260.0,9.528]","[9.988344988344988,0.011655011655011656]","[0.9988344988344988,0.0011655011655011655]",0.0
344.52772,1642,10.985,Gas Giant,0.0,"[344.52772,1642.0,10.985]","[9.988344988344988,0.011655011655011656]","[0.9988344988344988,0.0011655011655011655]",0.0
147.15455,687,11.545,Gas Giant,0.0,"[147.15455,687.0,11.545]","[9.988344988344988,0.011655011655011656]","[0.9988344988344988,0.0011655011655011655]",0.0
331.0,745,11.29,Gas Giant,0.0,"[331.0,745.0,11.29]","[9.988344988344988,0.011655011655011656]","[0.9988344988344988,0.0011655011655011655]",0.0
624.0,939,10.78,Gas Giant,0.0,"[624.0,939.0,10.78]","[9.988344988344988,0.011655011655011656]","[0.9988344988344988,0.0011655011655011655]",0.0
835.57088,940,12.094,Gas Giant,0.0,"[835.57088,940.0,12.094]","[9.988344988344988,0.011655011655011656]","[0.9988344988344988,0.0011655011655011655]",0.0
203.09235,1101,11.467,Gas Giant,0.0,"[203.09235,1101.0,11.467]","[9.988344988344988,0.011655011655011656]","[0.9988344988344988,0.0011655011655011655]",0.0
1332.605,1626,14.448,Gas Giant,0.0,"[1332.605,1626.0,14.448]","[9.988344988344988,0.011655011655011656]","[0.9988344988344988,0.0011655011655011655]",0.0
8.83,2128,1.745,Rocky Planet,1.0,"[8.83,2128.0,1.745]","[0.0,10.0]","[0.0,1.0]",1.0
3.41,467,1.87,Rocky Planet,1.0,"[3.41,467.0,1.87]","[0.0,10.0]","[0.0,1.0]",1.0
29.32,1978,4.72,Gas Giant,0.0,"[29.32,1978.0,4.72]","[9.988344988344988,0.011655011655011656]","[0.9988344988344988,0.0011655011655011655]",0.0
6.7,550,3.484,Rocky Planet,1.0,"[6.7,550.0,3.484]","[0.09090909090909091,9.90909090909091]","[0.009090909090909089,0.9909090909090909]",1.0
20.97667,966,2.713,Gas Giant,0.0,"[20.97667,966.0,2.713]","[9.953862229724297,0.04613777027570131]","[0.99538622297243,0.004613777027570132]",0.0
366.77398,2113,15.861,Gas Giant,0.0,"[366.77398,2113.0,15.861]","[9.988344988344988,0.011655011655011656]","[0.9988344988344988,0.0011655011655011655]",0.0
36.0,270,1.61,Gas Giant,0.0,"[36.0,270.0,1.61]","[10.0,0.0]","[1.0,0.0]",0.0
4.45,674,2.27,Rocky Planet,1.0,"[4.45,674.0,2.27]","[0.0,10.0]","[0.0,1.0]",1.0
69.28659,1445,12.072,Gas Giant,0.0,"[69.28659,1445.0,12.072]","[9.988344988344988,0.011655011655011656]","[0.9988344988344988,0.0011655011655011655]",0.0
232.01474,1458,13.047,Gas Giant,0.0,"[232.01474,1458.0,13.047]","[9.988344988344988,0.011655011655011656]","[0.9988344988344988,0.0011655011655011655]",0.0
8.52,602,2.852,Rocky Planet,1.0,"[8.52,602.0,2.852]","[0.09090909090909091,9.90909090909091]","[0.009090909090909089,0.9909090909090909]",1.0
21.8,1841,3.88,Gas Giant,0.0,"[21.8,1841.0,3.88]","[9.988344988344988,0.011655011655011656]","[0.9988344988344988,0.0011655011655011655]",0.0
212.94503,378,11.097,Gas Giant,0.0,"[212.94503,378.0,11.097]","[9.988344988344988,0.011655011655011656]","[0.9988344988344988,0.0011655011655011655]",0.0
8.9,805,2.836,Rocky Planet,1.0,"[8.9,805.0,2.836]","[0.0,10.0]","[0.0,1.0]",1.0
6.7,922,2.64,Rocky Planet,1.0,"[6.7,922.0,2.64]","[0.0,10.0]","[0.0,1.0]",1.0
231.69807,1623,16.018,Gas Giant,0.0,"[231.69807,1623.0,16.018]","[9.988344988344988,0.011655011655011656]","[0.9988344988344988,0.0011655011655011655]",0.0
283.492,1652,15.984,Gas Giant,0.0,"[283.492,1652.0,15.984]","[9.988344988344988,0.011655011655011656]","[0.9988344988344988,0.0011655011655011655]",0.0
953.49,1401,11.781,Gas Giant,0.0,"[953.49,1401.0,11.781]","[9.988344988344988,0.011655011655011656]","[0.9988344988344988,0.0011655011655011655]",0.0
797.7533,1404,14.067,Gas Giant,0.0,"[797.7533,1404.0,14.067]","[9.988344988344988,0.011655011655011656]","[0.9988344988344988,0.0011655011655011655]",0.0
375.0394,1588,14.415,Gas Giant,0.0,"[375.0394,1588.0,14.415]","[9.988344988344988,0.011655011655011656]","[0.9988344988344988,0.0011655011655011655]",0.0
464.98529,1714,11.433,Gas Giant,0.0,"[464.98529,1714.0,11.433]","[9.988344988344988,0.011655011655011656]","[0.9988344988344988,0.0011655011655011655]",0.0
1.83705,584,1.192,Rocky Planet,1.0,"[1.83705,584.0,1.192]","[0.0,10.0]","[0.0,1.0]",1.0
9.6,665,2.587,Rocky Planet,1.0,"[9.6,665.0,2.587]","[0.0,10.0]","[0.0,1.0]",1.0
30.8,700,4.7,Gas Giant,0.0,"[30.8,700.0,4.7]","[9.988344988344988,0.011655011655011656]","[0.9988344988344988,0.0011655011655011655]",0.0
74.1,798,9.073,Gas Giant,0.0,"[74.1,798.0,9.073]","[9.988344988344988,0.011655011655011656]","[0.9988344988344988,0.0011655011655011655]",0.0
167.49641,1021,12.576,Gas Giant,0.0,"[167.49641,1021.0,12.576]","[9.988344988344988,0.011655011655011656]","[0.9988344988344988,0.0011655011655011655]",0.0
19.5,652,2.951,Gas Giant,0.0,"[19.5,652.0,2.951]","[9.953862229724297,0.04613777027570131]","[0.99538622297243,0.004613777027570132]",0.0
1.86,773,1.264,Rocky Planet,1.0,"[1.86,773.0,1.264]","[0.0,10.0]","[0.0,1.0]",1.0
285.72917,1520,14.773,Gas Giant,0.0,"[285.72917,1520.0,14.773]","[9.988344988344988,0.011655011655011656]","[0.9988344988344988,0.0011655011655011655]",0.0
2.33,595,1.242,Rocky Planet,1.0,"[2.33,595.0,1.242]","[0.0,10.0]","[0.0,1.0]",1.0
136.66622,1074,13.305,Gas Giant,0.0,"[136.66622,1074.0,13.305]","[9.988344988344988,0.011655011655011656]","[0.9988344988344988,0.0011655011655011655]",0.0
12.6,1153,2.44,Gas Giant,0.0,"[12.6,1153.0,2.44]","[10.0,0.0]","[1.0,0.0]",0.0
2.4,1299,0.853,Rocky Planet,1.0,"[2.4,1299.0,0.853]","[0.0,10.0]","[0.0,1.0]",1.0
85.81,1330,12.11,Gas Giant,0.0,"[85.81,1330.0,12.11]","[9.988344988344988,0.011655011655011656]","[0.9988344988344988,0.0011655011655011655]",0.0
225.65817,1376,15.278,Gas Giant,0.0,"[225.65817,1376.0,15.278]","[9.988344988344988,0.011655011655011656]","[0.9988344988344988,0.0011655011655011655]",0.0
17.0,243,3.87,Gas Giant,0.0,"[17.0,243.0,3.87]","[9.953862229724297,0.04613777027570131]","[0.99538622297243,0.004613777027570132]",0.0
42.44,385,3.89,Gas Giant,0.0,"[42.44,385.0,3.89]","[9.988344988344988,0.011655011655011656]","[0.9988344988344988,0.0011655011655011655]",0.0
82.63539,690,8.295,Gas Giant,0.0,"[82.63539,690.0,8.295]","[9.988344988344988,0.011655011655011656]","[0.9988344988344988,0.0011655011655011655]",0.0
425.25654,814,8.709,Gas Giant,0.0,"[425.25654,814.0,8.709]","[9.988344988344988,0.011655011655011656]","[0.9988344988344988,0.0011655011655011655]",0.0
81.7,1038,8.14,Gas Giant,0.0,"[81.7,1038.0,8.14]","[9.988344988344988,0.011655011655011656]","[0.9988344988344988,0.0011655011655011655]",0.0
743.71847,636,11.545,Gas Giant,0.0,"[743.71847,636.0,11.545]","[9.988344988344988,0.011655011655011656]","[0.9988344988344988,0.0011655011655011655]",0.0
4.5,781,2.089,Rocky Planet,1.0,"[4.5,781.0,2.089]","[0.0,10.0]","[0.0,1.0]",1.0
241.5508,818,10.581,Gas Giant,0.0,"[241.5508,818.0,10.581]","[9.988344988344988,0.011655011655011656]","[0.9988344988344988,0.0011655011655011655]",0.0
53.83,125,8.4,Gas Giant,0.0,"[53.83,125.0,8.4]","[9.988344988344988,0.011655011655011656]","[0.9988344988344988,0.0011655011655011655]",0.0
24.5,795,2.63,Gas Giant,0.0,"[24.5,795.0,2.63]","[9.953862229724297,0.04613777027570131]","[0.99538622297243,0.004613777027570132]",0.0
6.4,1005,2.401,Rocky Planet,1.0,"[6.4,1005.0,2.401]","[0.0,10.0]","[0.0,1.0]",1.0
203.41018,1100,11.209,Gas Giant,0.0,"[203.41018,1100.0,11.209]","[9.988344988344988,0.011655011655011656]","[0.9988344988344988,0.0011655011655011655]",0.0
292.72143,1367,14.022,Gas Giant,0.0,"[292.72143,1367.0,14.022]","[9.988344988344988,0.011655011655011656]","[0.9988344988344988,0.0011655011655011655]",0.0
1000.21101,1413,12.767,Gas Giant,0.0,"[1000.21101,1413.0,12.767]","[9.988344988344988,0.011655011655011656]","[0.9988344988344988,0.0011655011655011655]",0.0
291.438,1442,16.14,Gas Giant,0.0,"[291.438,1442.0,16.14]","[9.988344988344988,0.011655011655011656]","[0.9988344988344988,0.0011655011655011655]",0.0
259.98494,1218,11.31,Gas Giant,0.0,"[259.98494,1218.0,11.31]","[9.988344988344988,0.011655011655011656]","[0.9988344988344988,0.0011655011655011655]",0.0
492.62,1480,12.464,Gas Giant,0.0,"[492.62,1480.0,12.464]","[9.988344988344988,0.011655011655011656]","[0.9988344988344988,0.0011655011655011655]",0.0
404.263,1516,12.745,Gas Giant,0.0,"[404.263,1516.0,12.745]","[9.988344988344988,0.011655011655011656]","[0.9988344988344988,0.0011655011655011655]",0.0
7.32,734,2.18,Rocky Planet,1.0,"[7.32,734.0,2.18]","[0.0,10.0]","[0.0,1.0]",1.0
13.5,784,2.587,Gas Giant,0.0,"[13.5,784.0,2.587]","[10.0,0.0]","[1.0,0.0]",0.0
1036.12061,906,11.882,Gas Giant,0.0,"[1036.12061,906.0,11.882]","[9.988344988344988,0.011655011655011656]","[0.9988344988344988,0.0011655011655011655]",0.0
589.55,1359,14.594,Gas Giant,0.0,"[589.55,1359.0,14.594]","[9.988344988344988,0.011655011655011656]","[0.9988344988344988,0.0011655011655011655]",0.0
6.3,699,2.388,Rocky Planet,1.0,"[6.3,699.0,2.388]","[0.0,10.0]","[0.0,1.0]",1.0
32.10083,1270,7.062,Gas Giant,0.0,"[32.10083,1270.0,7.062]","[9.988344988344988,0.011655011655011656]","[0.9988344988344988,0.0011655011655011655]",0.0
140.16303,1630,18.181,Gas Giant,0.0,"[140.16303,1630.0,18.181]","[9.988344988344988,0.011655011655011656]","[0.9988344988344988,0.0011655011655011655]",0.0
9.72,931,2.328,Rocky Planet,1.0,"[9.72,931.0,2.328]","[1.7607142857142857,8.239285714285714]","[0.17607142857142857,0.8239285714285713]",1.0
256.17098,1128,12.621,Gas Giant,0.0,"[256.17098,1128.0,12.621]","[9.988344988344988,0.011655011655011656]","[0.9988344988344988,0.0011655011655011655]",0.0
204.68252,1338,11.769,Gas Giant,0.0,"[204.68252,1338.0,11.769]","[9.988344988344988,0.011655011655011656]","[0.9988344988344988,0.0011655011655011655]",0.0
189.10885,1312,15.02,Gas Giant,0.0,"[189.10885,1312.0,15.02]","[9.988344988344988,0.011655011655011656]","[0.9988344988344988,0.0011655011655011655]",0.0
129.03833,1512,14.28,Gas Giant,0.0,"[129.03833,1512.0,14.28]","[9.988344988344988,0.011655011655011656]","[0.9988344988344988,0.0011655011655011655]",0.0
228.0,1603,13.72,Gas Giant,0.0,"[228.0,1603.0,13.72]","[9.988344988344988,0.011655011655011656]","[0.9988344988344988,0.0011655011655011655]",0.0
588.0,837,10.42,Gas Giant,0.0,"[588.0,837.0,10.42]","[9.988344988344988,0.011655011655011656]","[0.9988344988344988,0.0011655011655011655]",0.0
183.38791,1296,10.593,Gas Giant,0.0,"[183.38791,1296.0,10.593]","[9.988344988344988,0.011655011655011656]","[0.9988344988344988,0.0011655011655011655]",0.0
2946.26933,191,9.42,Gas Giant,0.0,"[2946.26933,191.0,9.42]","[9.988344988344988,0.011655011655011656]","[0.9988344988344988,0.0011655011655011655]",0.0
88.35674,1119,12.218,Gas Giant,0.0,"[88.35674,1119.0,12.218]","[9.988344988344988,0.011655011655011656]","[0.9988344988344988,0.0011655011655011655]",0.0
1.75,568,1.09,Rocky Planet,1.0,"[1.75,568.0,1.09]","[0.0,10.0]","[0.0,1.0]",1.0
211.35589,604,11.4,Gas Giant,0.0,"[211.35589,604.0,11.4]","[9.988344988344988,0.011655011655011656]","[0.9988344988344988,0.0011655011655011655]",0.0
352.78953,1633,13.137,Gas Giant,0.0,"[352.78953,1633.0,13.137]","[9.988344988344988,0.011655011655011656]","[0.9988344988344988,0.0011655011655011655]",0.0
14.5,464,3.514,Gas Giant,0.0,"[14.5,464.0,3.514]","[9.953862229724297,0.04613777027570131]","[0.99538622297243,0.004613777027570132]",0.0
792.635,1344,14.056,Gas Giant,0.0,"[792.635,1344.0,14.056]","[9.988344988344988,0.011655011655011656]","[0.9988344988344988,0.0011655011655011655]",0.0
731.00534,605,12.285,Gas Giant,0.0,"[731.00534,605.0,12.285]","[9.988344988344988,0.011655011655011656]","[0.9988344988344988,0.0011655011655011655]",0.0
2.46,903,1.325,Rocky Planet,1.0,"[2.46,903.0,1.325]","[0.0,10.0]","[0.0,1.0]",1.0
117.59651,1471,12.845,Gas Giant,0.0,"[117.59651,1471.0,12.845]","[9.988344988344988,0.011655011655011656]","[0.9988344988344988,0.0011655011655011655]",0.0
1538.2972,1605,12.801,Gas Giant,0.0,"[1538.2972,1605.0,12.801]","[9.988344988344988,0.011655011655011656]","[0.9988344988344988,0.0011655011655011655]",0.0
30.3,1722,3.82,Gas Giant,0.0,"[30.3,1722.0,3.82]","[9.953862229724297,0.04613777027570131]","[0.99538622297243,0.004613777027570132]",0.0
4.04,2130,1.31,Rocky Planet,1.0,"[4.04,2130.0,1.31]","[0.0,10.0]","[0.0,1.0]",1.0
79.77493,555,8.339,Gas Giant,0.0,"[79.77493,555.0,8.339]","[9.988344988344988,0.011655011655011656]","[0.9988344988344988,0.0011655011655011655]",0.0
211.99261,1192,13.126,Gas Giant,0.0,"[211.99261,1192.0,13.126]","[9.988344988344988,0.011655011655011656]","[0.9988344988344988,0.0011655011655011655]",0.0
317.82,1544,12.22,Gas Giant,0.0,"[317.82,1544.0,12.22]","[9.988344988344988,0.011655011655011656]","[0.9988344988344988,0.0011655011655011655]",0.0
7.4,297,1.33,Rocky Planet,1.0,"[7.4,297.0,1.33]","[0.0,10.0]","[0.0,1.0]",1.0
4.3,495,0.861,Rocky Planet,1.0,"[4.3,495.0,0.861]","[0.0,10.0]","[0.0,1.0]",1.0
10.2,714,2.79,Gas Giant,0.0,"[10.2,714.0,2.79]","[8.919771320633389,1.0802286793666105]","[0.891977132063339,0.10802286793666105]",0.0
46.1687,895,6.956,Gas Giant,0.0,"[46.1687,895.0,6.956]","[9.988344988344988,0.011655011655011656]","[0.9988344988344988,0.0011655011655011655]",0.0
1910.14873,1180,12.229,Gas Giant,0.0,"[1910.14873,1180.0,12.229]","[9.988344988344988,0.011655011655011656]","[0.9988344988344988,0.0011655011655011655]",0.0
638.8351,2097,13.978,Gas Giant,0.0,"[638.8351,2097.0,13.978]","[9.988344988344988,0.011655011655011656]","[0.9988344988344988,0.0011655011655011655]",0.0
8.82,431,2.562,Rocky Planet,1.0,"[8.82,431.0,2.562]","[0.0,10.0]","[0.0,1.0]",1.0
5.0,520,1.798,Rocky Planet,1.0,"[5.0,520.0,1.798]","[0.0,10.0]","[0.0,1.0]",1.0
331.801,1428,14.348,Gas Giant,0.0,"[331.801,1428.0,14.348]","[9.988344988344988,0.011655011655011656]","[0.9988344988344988,0.0011655011655011655]",0.0
403.945,1689,14.247,Gas Giant,0.0,"[403.945,1689.0,14.247]","[9.988344988344988,0.011655011655011656]","[0.9988344988344988,0.0011655011655011655]",0.0
38.0,434,5.45,Gas Giant,0.0,"[38.0,434.0,5.45]","[9.988344988344988,0.011655011655011656]","[0.9988344988344988,0.0011655011655011655]",0.0
8.11,642,2.39,Rocky Planet,1.0,"[8.11,642.0,2.39]","[0.0,10.0]","[0.0,1.0]",1.0
624.85065,890,11.489,Gas Giant,0.0,"[624.85065,890.0,11.489]","[9.988344988344988,0.011655011655011656]","[0.9988344988344988,0.0011655011655011655]",0.0
77.23269,955,8.967,Gas Giant,0.0,"[77.23269,955.0,8.967]","[9.988344988344988,0.011655011655011656]","[0.9988344988344988,0.0011655011655011655]",0.0
206.58846,1000,10.839,Gas Giant,0.0,"[206.58846,1000.0,10.839]","[9.988344988344988,0.011655011655011656]","[0.9988344988344988,0.0011655011655011655]",0.0
22.4,1395,3.42,Gas Giant,0.0,"[22.4,1395.0,3.42]","[9.953862229724297,0.04613777027570131]","[0.99538622297243,0.004613777027570132]",0.0
562.24127,2043,15.009,Gas Giant,0.0,"[562.24127,2043.0,15.009]","[9.988344988344988,0.011655011655011656]","[0.9988344988344988,0.0011655011655011655]",0.0
2.88,354,2.13,Rocky Planet,1.0,"[2.88,354.0,2.13]","[0.0,10.0]","[0.0,1.0]",1.0
3302.11,1500,11.287,Gas Giant,0.0,"[3302.11,1500.0,11.287]","[9.988344988344988,0.011655011655011656]","[0.9988344988344988,0.0011655011655011655]",0.0
314.6517,1571,13.54,Gas Giant,0.0,"[314.6517,1571.0,13.54]","[9.988344988344988,0.011655011655011656]","[0.9988344988344988,0.0011655011655011655]",0.0
896.24,1776,16.25,Gas Giant,0.0,"[896.24,1776.0,16.25]","[9.988344988344988,0.011655011655011656]","[0.9988344988344988,0.0011655011655011655]",0.0
207.54299,1212,14.022,Gas Giant,0.0,"[207.54299,1212.0,14.022]","[9.988344988344988,0.011655011655011656]","[0.9988344988344988,0.0011655011655011655]",0.0
8.03,1275,2.357,Rocky Planet,1.0,"[8.03,1275.0,2.357]","[0.0,10.0]","[0.0,1.0]",1.0
242.8209,1457,13.899,Gas Giant,0.0,"[242.8209,1457.0,13.899]","[9.988344988344988,0.011655011655011656]","[0.9988344988344988,0.0011655011655011655]",0.0
1379.37529,806,12.184,Gas Giant,0.0,"[1379.37529,806.0,12.184]","[9.988344988344988,0.011655011655011656]","[0.9988344988344988,0.0011655011655011655]",0.0
4.77,873,1.669,Rocky Planet,1.0,"[4.77,873.0,1.669]","[0.0,10.0]","[0.0,1.0]",1.0
24.5,494,3.44,Gas Giant,0.0,"[24.5,494.0,3.44]","[9.953862229724297,0.04613777027570131]","[0.99538622297243,0.004613777027570132]",0.0
6.9,913,1.73,Rocky Planet,1.0,"[6.9,913.0,1.73]","[0.0,10.0]","[0.0,1.0]",1.0
505.3497,2101,17.71,Gas Giant,0.0,"[505.3497,2101.0,17.71]","[9.988344988344988,0.011655011655011656]","[0.9988344988344988,0.0011655011655011655]",0.0
2542.64,2329,17.71,Gas Giant,0.0,"[2542.64,2329.0,17.71]","[9.988344988344988,0.011655011655011656]","[0.9988344988344988,0.0011655011655011655]",0.0
9.2,785,1.19,Rocky Planet,1.0,"[9.2,785.0,1.19]","[0.0,10.0]","[0.0,1.0]",1.0
200.2329,1645,17.598,Gas Giant,0.0,"[200.2329,1645.0,17.598]","[9.988344988344988,0.011655011655011656]","[0.9988344988344988,0.0011655011655011655]",0.0
1369.8473,1681,12.285,Gas Giant,0.0,"[1369.8473,1681.0,12.285]","[9.988344988344988,0.011655011655011656]","[0.9988344988344988,0.0011655011655011655]",0.0
8.56,871,2.41,Rocky Planet,1.0,"[8.56,871.0,2.41]","[0.0,10.0]","[0.0,1.0]",1.0
88.03847,981,11.299,Gas Giant,0.0,"[88.03847,981.0,11.299]","[9.988344988344988,0.011655011655011656]","[0.9988344988344988,0.0011655011655011655]",0.0
9.68,1089,2.59,Rocky Planet,1.0,"[9.68,1089.0,2.59]","[0.0,10.0]","[0.0,1.0]",1.0
92.80589,1331,14.886,Gas Giant,0.0,"[92.80589,1331.0,14.886]","[9.988344988344988,0.011655011655011656]","[0.9988344988344988,0.0011655011655011655]",0.0
387.0,1494,14.199,Gas Giant,0.0,"[387.0,1494.0,14.199]","[9.988344988344988,0.011655011655011656]","[0.9988344988344988,0.0011655011655011655]",0.0
176.07694,1818,18.058,Gas Giant,0.0,"[176.07694,1818.0,18.058]","[9.988344988344988,0.011655011655011656]","[0.9988344988344988,0.0011655011655011655]",0.0
788.21445,725,13.675,Gas Giant,0.0,"[788.21445,725.0,13.675]","[9.988344988344988,0.011655011655011656]","[0.9988344988344988,0.0011655011655011655]",0.0
30.9,902,4.48,Gas Giant,0.0,"[30.9,902.0,4.48]","[9.988344988344988,0.011655011655011656]","[0.9988344988344988,0.0011655011655011655]",0.0
2.89,999,2.018,Rocky Planet,1.0,"[2.89,999.0,2.018]","[0.0,10.0]","[0.0,1.0]",1.0
224.38798,1414,13.171,Gas Giant,0.0,"[224.38798,1414.0,13.171]","[9.988344988344988,0.011655011655011656]","[0.9988344988344988,0.0011655011655011655]",0.0
16.4,512,3.39,Gas Giant,0.0,"[16.4,512.0,3.39]","[9.953862229724297,0.04613777027570131]","[0.99538622297243,0.004613777027570132]",0.0
1830.69162,624,11.725,Gas Giant,0.0,"[1830.69162,624.0,11.725]","[9.988344988344988,0.011655011655011656]","[0.9988344988344988,0.0011655011655011655]",0.0
6.93,1102,2.67,Rocky Planet,1.0,"[6.93,1102.0,2.67]","[0.0,10.0]","[0.0,1.0]",1.0
149.3801,1740,17.598,Gas Giant,0.0,"[149.3801,1740.0,17.598]","[9.988344988344988,0.011655011655011656]","[0.9988344988344988,0.0011655011655011655]",0.0
352.78,2000,14.46,Gas Giant,0.0,"[352.78,2000.0,14.46]","[9.988344988344988,0.011655011655011656]","[0.9988344988344988,0.0011655011655011655]",0.0
197.05361,1596,16.432,Gas Giant,0.0,"[197.05361,1596.0,16.432]","[9.988344988344988,0.011655011655011656]","[0.9988344988344988,0.0011655011655011655]",0.0
169.0,481,6.18,Gas Giant,0.0,"[169.0,481.0,6.18]","[9.988344988344988,0.011655011655011656]","[0.9988344988344988,0.0011655011655011655]",0.0
508.528,1422,12.285,Gas Giant,0.0,"[508.528,1422.0,12.285]","[9.988344988344988,0.011655011655011656]","[0.9988344988344988,0.0011655011655011655]",0.0
79.4571,1456,14.46,Gas Giant,0.0,"[79.4571,1456.0,14.46]","[9.988344988344988,0.011655011655011656]","[0.9988344988344988,0.0011655011655011655]",0.0
159.55066,1111,16.477,Gas Giant,0.0,"[159.55066,1111.0,16.477]","[9.988344988344988,0.011655011655011656]","[0.9988344988344988,0.0011655011655011655]",0.0
411.27202,1418,12.812,Gas Giant,0.0,"[411.27202,1418.0,12.812]","[9.988344988344988,0.011655011655011656]","[0.9988344988344988,0.0011655011655011655]",0.0
10.5,825,2.916,Gas Giant,0.0,"[10.5,825.0,2.916]","[8.828862229724297,1.1711377702757013]","[0.8828862229724299,0.11711377702757016]",0.0
12.2,885,4.88,Gas Giant,0.0,"[12.2,885.0,4.88]","[9.988344988344988,0.011655011655011656]","[0.9988344988344988,0.0011655011655011655]",0.0
232.33373,2470,12.993,Gas Giant,0.0,"[232.33373,2470.0,12.993]","[9.988344988344988,0.011655011655011656]","[0.9988344988344988,0.0011655011655011655]",0.0
274.276,670,8.687,Gas Giant,0.0,"[274.276,670.0,8.687]","[9.988344988344988,0.011655011655011656]","[0.9988344988344988,0.0011655011655011655]",0.0
502.16888,1688,14.37,Gas Giant,0.0,"[502.16888,1688.0,14.37]","[9.988344988344988,0.011655011655011656]","[0.9988344988344988,0.0011655011655011655]",0.0
1.3,615,0.755,Rocky Planet,1.0,"[1.3,615.0,0.755]","[0.0,10.0]","[0.0,1.0]",1.0
3.72,475,1.88,Rocky Planet,1.0,"[3.72,475.0,1.88]","[0.0,10.0]","[0.0,1.0]",1.0
775.5052,1320,16.141,Gas Giant,0.0,"[775.5052,1320.0,16.141]","[9.988344988344988,0.011655011655011656]","[0.9988344988344988,0.0011655011655011655]",0.0
305.1168,1398,13.529,Gas Giant,0.0,"[305.1168,1398.0,13.529]","[9.988344988344988,0.011655011655011656]","[0.9988344988344988,0.0011655011655011655]",0.0
166.86075,1322,14.785,Gas Giant,0.0,"[166.86075,1322.0,14.785]","[9.988344988344988,0.011655011655011656]","[0.9988344988344988,0.0011655011655011655]",0.0
10.0,1125,2.586,Rocky Planet,1.0,"[10.0,1125.0,2.586]","[2.7607142857142857,7.239285714285715]","[0.2760714285714286,0.7239285714285715]",1.0
410.0007,1741,13.809,Gas Giant,0.0,"[410.0007,1741.0,13.809]","[9.988344988344988,0.011655011655011656]","[0.9988344988344988,0.0011655011655011655]",0.0
7.67,2038,1.565,Rocky Planet,1.0,"[7.67,2038.0,1.565]","[0.0,10.0]","[0.0,1.0]",1.0
222.47988,750,11.321,Gas Giant,0.0,"[222.47988,750.0,11.321]","[9.988344988344988,0.011655011655011656]","[0.9988344988344988,0.0011655011655011655]",0.0
260.61929,1188,10.761,Gas Giant,0.0,"[260.61929,1188.0,10.761]","[9.988344988344988,0.011655011655011656]","[0.9988344988344988,0.0011655011655011655]",0.0
19.5,284,1.74,Gas Giant,0.0,"[19.5,284.0,1.74]","[10.0,0.0]","[1.0,0.0]",0.0
12.9,417,2.215,Gas Giant,0.0,"[12.9,417.0,2.215]","[10.0,0.0]","[1.0,0.0]",0.0
4.7,590,2.17,Rocky Planet,1.0,"[4.7,590.0,2.17]","[0.0,10.0]","[0.0,1.0]",1.0
11.9,727,3.271,Gas Giant,0.0,"[11.9,727.0,3.271]","[9.953862229724297,0.04613777027570131]","[0.99538622297243,0.004613777027570132]",0.0
8.2,859,2.65,Rocky Planet,1.0,"[8.2,859.0,2.65]","[0.0,10.0]","[0.0,1.0]",1.0
82.95363,1003,13.227,Gas Giant,0.0,"[82.95363,1003.0,13.227]","[9.988344988344988,0.011655011655011656]","[0.9988344988344988,0.0011655011655011655]",0.0
133.4886,1340,16.814,Gas Giant,0.0,"[133.4886,1340.0,16.814]","[9.988344988344988,0.011655011655011656]","[0.9988344988344988,0.0011655011655011655]",0.0
263.79758,1397,13.574,Gas Giant,0.0,"[263.79758,1397.0,13.574]","[9.988344988344988,0.011655011655011656]","[0.9988344988344988,0.0011655011655011655]",0.0
190.372,1752,17.609,Gas Giant,0.0,"[190.372,1752.0,17.609]","[9.988344988344988,0.011655011655011656]","[0.9988344988344988,0.0011655011655011655]",0.0
3.09,557,1.533,Rocky Planet,1.0,"[3.09,557.0,1.533]","[0.0,10.0]","[0.0,1.0]",1.0
10.15,1077,2.265,Gas Giant,0.0,"[10.15,1077.0,2.265]","[2.7607142857142857,7.239285714285715]","[0.2760714285714286,0.7239285714285715]",1.0
34.62,1443,6.06,Gas Giant,0.0,"[34.62,1443.0,6.06]","[9.988344988344988,0.011655011655011656]","[0.9988344988344988,0.0011655011655011655]",0.0
87.08498,295,9.337,Gas Giant,0.0,"[87.08498,295.0,9.337]","[9.988344988344988,0.011655011655011656]","[0.9988344988344988,0.0011655011655011655]",0.0
18.496,881,2.199,Gas Giant,0.0,"[18.496,881.0,2.199]","[10.0,0.0]","[1.0,0.0]",0.0
126.49634,1030,11.209,Gas Giant,0.0,"[126.49634,1030.0,11.209]","[9.988344988344988,0.011655011655011656]","[0.9988344988344988,0.0011655011655011655]",0.0
617.22586,974,12.52,Gas Giant,0.0,"[617.22586,974.0,12.52]","[9.988344988344988,0.011655011655011656]","[0.9988344988344988,0.0011655011655011655]",0.0
687.14846,1332,13.507,Gas Giant,0.0,"[687.14846,1332.0,13.507]","[9.988344988344988,0.011655011655011656]","[0.9988344988344988,0.0011655011655011655]",0.0
61.0,1493,5.09,Gas Giant,0.0,"[61.0,1493.0,5.09]","[9.988344988344988,0.011655011655011656]","[0.9988344988344988,0.0011655011655011655]",0.0
26.0,1860,3.51,Gas Giant,0.0,"[26.0,1860.0,3.51]","[9.953862229724297,0.04613777027570131]","[0.99538622297243,0.004613777027570132]",0.0
2129.45033,251,11.579,Gas Giant,0.0,"[2129.45033,251.0,11.579]","[9.988344988344988,0.011655011655011656]","[0.9988344988344988,0.0011655011655011655]",0.0
195.14664,1237,12.543,Gas Giant,0.0,"[195.14664,1237.0,12.543]","[9.988344988344988,0.011655011655011656]","[0.9988344988344988,0.0011655011655011655]",0.0
4.97,1774,1.67,Rocky Planet,1.0,"[4.97,1774.0,1.67]","[0.0,10.0]","[0.0,1.0]",1.0
41.89,306,7.27,Gas Giant,0.0,"[41.89,306.0,7.27]","[9.988344988344988,0.011655011655011656]","[0.9988344988344988,0.0011655011655011655]",0.0
13.4,430,2.606,Gas Giant,0.0,"[13.4,430.0,2.606]","[9.953862229724297,0.04613777027570131]","[0.99538622297243,0.004613777027570132]",0.0
16.1,688,2.771,Gas Giant,0.0,"[16.1,688.0,2.771]","[9.953862229724297,0.04613777027570131]","[0.99538622297243,0.004613777027570132]",0.0
677.61356,1053,12.038,Gas Giant,0.0,"[677.61356,1053.0,12.038]","[9.988344988344988,0.011655011655011656]","[0.9988344988344988,0.0011655011655011655]",0.0
1.4,1269,1.216,Rocky Planet,1.0,"[1.4,1269.0,1.216]","[0.0,10.0]","[0.0,1.0]",1.0
260.61929,1531,15.278,Gas Giant,0.0,"[260.61929,1531.0,15.278]","[9.988344988344988,0.011655011655011656]","[0.9988344988344988,0.0011655011655011655]",0.0
200.2319,2410,17.374,Gas Giant,0.0,"[200.2319,2410.0,17.374]","[9.988344988344988,0.011655011655011656]","[0.9988344988344988,0.0011655011655011655]",0.0
6.0,438,1.199,Rocky Planet,1.0,"[6.0,438.0,1.199]","[0.0,10.0]","[0.0,1.0]",1.0
5.2,482,1.92,Rocky Planet,1.0,"[5.2,482.0,1.92]","[0.0,10.0]","[0.0,1.0]",1.0
14.95,582,5.14,Gas Giant,0.0,"[14.95,582.0,5.14]","[9.988344988344988,0.011655011655011656]","[0.9988344988344988,0.0011655011655011655]",0.0
25.0,847,4.901,Gas Giant,0.0,"[25.0,847.0,4.901]","[9.988344988344988,0.011655011655011656]","[0.9988344988344988,0.0011655011655011655]",0.0
2.1,1066,1.212,Rocky Planet,1.0,"[2.1,1066.0,1.212]","[0.0,10.0]","[0.0,1.0]",1.0
38.1396,1084,6.311,Gas Giant,0.0,"[38.1396,1084.0,6.311]","[9.988344988344988,0.011655011655011656]","[0.9988344988344988,0.0011655011655011655]",0.0
131.89945,1228,11.5,Gas Giant,0.0,"[131.89945,1228.0,11.5]","[9.988344988344988,0.011655011655011656]","[0.9988344988344988,0.0011655011655011655]",0.0
3.26,2188,1.47,Rocky Planet,1.0,"[3.26,2188.0,1.47]","[0.0,10.0]","[0.0,1.0]",1.0
20.0,513,4.91,Gas Giant,0.0,"[20.0,513.0,4.91]","[9.988344988344988,0.011655011655011656]","[0.9988344988344988,0.0011655011655011655]",0.0
26.78,767,5.05,Gas Giant,0.0,"[26.78,767.0,5.05]","[9.988344988344988,0.011655011655011656]","[0.9988344988344988,0.0011655011655011655]",0.0
16.9,1135,2.87,Gas Giant,0.0,"[16.9,1135.0,2.87]","[9.953862229724297,0.04613777027570131]","[0.99538622297243,0.004613777027570132]",0.0
244.09344,1553,15.805,Gas Giant,0.0,"[244.09344,1553.0,15.805]","[9.988344988344988,0.011655011655011656]","[0.9988344988344988,0.0011655011655011655]",0.0
2415.4,1952,12.22,Gas Giant,0.0,"[2415.4,1952.0,12.22]","[9.988344988344988,0.011655011655011656]","[0.9988344988344988,0.0011655011655011655]",0.0
22.4,603,5.203,Gas Giant,0.0,"[22.4,603.0,5.203]","[9.988344988344988,0.011655011655011656]","[0.9988344988344988,0.0011655011655011655]",0.0
96.30201,1388,9.236,Gas Giant,0.0,"[96.30201,1388.0,9.236]","[9.988344988344988,0.011655011655011656]","[0.9988344988344988,0.0011655011655011655]",0.0
95.34852,904,11.209,Gas Giant,0.0,"[95.34852,904.0,11.209]","[9.988344988344988,0.011655011655011656]","[0.9988344988344988,0.0011655011655011655]",0.0
96.4,919,9.1,Gas Giant,0.0,"[96.4,919.0,9.1]","[9.988344988344988,0.011655011655011656]","[0.9988344988344988,0.0011655011655011655]",0.0
122.68177,1387,18.103,Gas Giant,0.0,"[122.68177,1387.0,18.103]","[9.988344988344988,0.011655011655011656]","[0.9988344988344988,0.0011655011655011655]",0.0
327.3649,1721,12.274,Gas Giant,0.0,"[327.3649,1721.0,12.274]","[9.988344988344988,0.011655011655011656]","[0.9988344988344988,0.0011655011655011655]",0.0
9.13,666,2.69,Rocky Planet,1.0,"[9.13,666.0,2.69]","[0.0,10.0]","[0.0,1.0]",1.0
7.7,1310,1.655,Rocky Planet,1.0,"[7.7,1310.0,1.655]","[0.0,10.0]","[0.0,1.0]",1.0
57.2,1871,3.2,Gas Giant,0.0,"[57.2,1871.0,3.2]","[9.953862229724297,0.04613777027570131]","[0.99538622297243,0.004613777027570132]",0.0
24.0,722,3.05,Gas Giant,0.0,"[24.0,722.0,3.05]","[9.953862229724297,0.04613777027570131]","[0.99538622297243,0.004613777027570132]",0.0
323.23311,2132,17.318,Gas Giant,0.0,"[323.23311,2132.0,17.318]","[9.988344988344988,0.011655011655011656]","[0.9988344988344988,0.0011655011655011655]",0.0
874.0325,2453,15.861,Gas Giant,0.0,"[874.0325,2453.0,15.861]","[9.988344988344988,0.011655011655011656]","[0.9988344988344988,0.0011655011655011655]",0.0
2.1,345,1.51,Rocky Planet,1.0,"[2.1,345.0,1.51]","[0.0,10.0]","[0.0,1.0]",1.0
136.03056,682,10.099,Gas Giant,0.0,"[136.03056,682.0,10.099]","[9.988344988344988,0.011655011655011656]","[0.9988344988344988,0.0011655011655011655]",0.0
27.0,975,4.132,Gas Giant,0.0,"[27.0,975.0,4.132]","[9.988344988344988,0.011655011655011656]","[0.9988344988344988,0.0011655011655011655]",0.0
225.34147,1743,15.39,Gas Giant,0.0,"[225.34147,1743.0,15.39]","[9.988344988344988,0.011655011655011656]","[0.9988344988344988,0.0011655011655011655]",0.0
7.5,412,1.015,Rocky Planet,1.0,"[7.5,412.0,1.015]","[0.0,10.0]","[0.0,1.0]",1.0
200.2319,684,11.063,Gas Giant,0.0,"[200.2319,684.0,11.063]","[9.988344988344988,0.011655011655011656]","[0.9988344988344988,0.0011655011655011655]",0.0
68.96876,1036,9.27,Gas Giant,0.0,"[68.96876,1036.0,9.27]","[9.988344988344988,0.011655011655011656]","[0.9988344988344988,0.0011655011655011655]",0.0
486.2799,1370,11.097,Gas Giant,0.0,"[486.2799,1370.0,11.097]","[9.988344988344988,0.011655011655011656]","[0.9988344988344988,0.0011655011655011655]",0.0
239.32479,1429,11.377,Gas Giant,0.0,"[239.32479,1429.0,11.377]","[9.988344988344988,0.011655011655011656]","[0.9988344988344988,0.0011655011655011655]",0.0
150.96925,1496,15.793,Gas Giant,0.0,"[150.96925,1496.0,15.793]","[9.988344988344988,0.011655011655011656]","[0.9988344988344988,0.0011655011655011655]",0.0
8.0,2008,2.6,Rocky Planet,1.0,"[8.0,2008.0,2.6]","[0.0,10.0]","[0.0,1.0]",1.0
29.24036,1143,4.977,Gas Giant,0.0,"[29.24036,1143.0,4.977]","[9.988344988344988,0.011655011655011656]","[0.9988344988344988,0.0011655011655011655]",0.0
402.05495,1452,13.899,Gas Giant,0.0,"[402.05495,1452.0,13.899]","[9.988344988344988,0.011655011655011656]","[0.9988344988344988,0.0011655011655011655]",0.0
4.3,1586,1.364,Rocky Planet,1.0,"[4.3,1586.0,1.364]","[0.0,10.0]","[0.0,1.0]",1.0
375.0394,2085,17.598,Gas Giant,0.0,"[375.0394,2085.0,17.598]","[9.988344988344988,0.011655011655011656]","[0.9988344988344988,0.0011655011655011655]",0.0
15.2,723,2.611,Gas Giant,0.0,"[15.2,723.0,2.611]","[9.953862229724297,0.04613777027570131]","[0.99538622297243,0.004613777027570132]",0.0
311.4734,1160,14.011,Gas Giant,0.0,"[311.4734,1160.0,14.011]","[9.988344988344988,0.011655011655011656]","[0.9988344988344988,0.0011655011655011655]",0.0
349.61125,1529,14.067,Gas Giant,0.0,"[349.61125,1529.0,14.067]","[9.988344988344988,0.011655011655011656]","[0.9988344988344988,0.0011655011655011655]",0.0
257.4423,2040,15.323,Gas Giant,0.0,"[257.4423,2040.0,15.323]","[9.988344988344988,0.011655011655011656]","[0.9988344988344988,0.0011655011655011655]",0.0
32.59,441,6.43,Gas Giant,0.0,"[32.59,441.0,6.43]","[9.988344988344988,0.011655011655011656]","[0.9988344988344988,0.0011655011655011655]",0.0
572.094,900,10.761,Gas Giant,0.0,"[572.094,900.0,10.761]","[9.988344988344988,0.011655011655011656]","[0.9988344988344988,0.0011655011655011655]",0.0
8.0,1103,1.75,Rocky Planet,1.0,"[8.0,1103.0,1.75]","[0.0,10.0]","[0.0,1.0]",1.0
40.4,1213,4.941,Gas Giant,0.0,"[40.4,1213.0,4.941]","[9.988344988344988,0.011655011655011656]","[0.9988344988344988,0.0011655011655011655]",0.0
7.24,373,2.47,Rocky Planet,1.0,"[7.24,373.0,2.47]","[0.0,10.0]","[0.0,1.0]",1.0
9.7,498,2.39,Rocky Planet,1.0,"[9.7,498.0,2.39]","[2.3083333333333336,7.691666666666667]","[0.23083333333333336,0.7691666666666668]",1.0
210.40346,1528,12.924,Gas Giant,0.0,"[210.40346,1528.0,12.924]","[9.988344988344988,0.011655011655011656]","[0.9988344988344988,0.0011655011655011655]",0.0
298.7587,363,8.082,Gas Giant,0.0,"[298.7587,363.0,8.082]","[9.988344988344988,0.011655011655011656]","[0.9988344988344988,0.0011655011655011655]",0.0
1.94,416,1.521,Rocky Planet,1.0,"[1.94,416.0,1.521]","[0.0,10.0]","[0.0,1.0]",1.0
5.04,489,2.601,Rocky Planet,1.0,"[5.04,489.0,2.601]","[0.0,10.0]","[0.0,1.0]",1.0
11.02,613,2.58,Gas Giant,0.0,"[11.02,613.0,2.58]","[9.833333333333334,0.16666666666666666]","[0.9833333333333334,0.016666666666666666]",0.0
2.14,709,1.24,Rocky Planet,1.0,"[2.14,709.0,1.24]","[0.0,10.0]","[0.0,1.0]",1.0
66.10864,1257,11.747,Gas Giant,0.0,"[66.10864,1257.0,11.747]","[9.988344988344988,0.011655011655011656]","[0.9988344988344988,0.0011655011655011655]",0.0
38.5,748,4.243,Gas Giant,0.0,"[38.5,748.0,4.243]","[9.988344988344988,0.011655011655011656]","[0.9988344988344988,0.0011655011655011655]",0.0
5.2,1026,2.44,Rocky Planet,1.0,"[5.2,1026.0,2.44]","[0.0,10.0]","[0.0,1.0]",1.0
111.871,1108,13.922,Gas Giant,0.0,"[111.871,1108.0,13.922]","[9.988344988344988,0.011655011655011656]","[0.9988344988344988,0.0011655011655011655]",0.0
188.15536,2198,11.561,Gas Giant,0.0,"[188.15536,2198.0,11.561]","[9.988344988344988,0.011655011655011656]","[0.9988344988344988,0.0011655011655011655]",0.0
70.55791,1211,11.097,Gas Giant,0.0,"[70.55791,1211.0,11.097]","[9.988344988344988,0.011655011655011656]","[0.9988344988344988,0.0011655011655011655]",0.0
14.67,990,3.67,Gas Giant,0.0,"[14.67,990.0,3.67]","[9.953862229724297,0.04613777027570131]","[0.99538622297243,0.004613777027570132]",0.0
4.1,347,1.25,Rocky Planet,1.0,"[4.1,347.0,1.25]","[0.0,10.0]","[0.0,1.0]",1.0
124.0,742,10.3,Gas Giant,0.0,"[124.0,742.0,10.3]","[9.988344988344988,0.011655011655011656]","[0.9988344988344988,0.0011655011655011655]",0.0
26.4,899,5.3,Gas Giant,0.0,"[26.4,899.0,5.3]","[9.988344988344988,0.011655011655011656]","[0.9988344988344988,0.0011655011655011655]",0.0
44.1,1203,4.968,Gas Giant,0.0,"[44.1,1203.0,4.968]","[9.988344988344988,0.011655011655011656]","[0.9988344988344988,0.0011655011655011655]",0.0
148.42,1438,15.558,Gas Giant,0.0,"[148.42,1438.0,15.558]","[9.988344988344988,0.011655011655011656]","[0.9988344988344988,0.0011655011655011655]",0.0
7.6,309,2.63,Rocky Planet,1.0,"[7.6,309.0,2.63]","[0.0,10.0]","[0.0,1.0]",1.0
870.8542,858,10.682,Gas Giant,0.0,"[870.8542,858.0,10.682]","[9.988344988344988,0.011655011655011656]","[0.9988344988344988,0.0011655011655011655]",0.0
1875.197,1120,11.657,Gas Giant,0.0,"[1875.197,1120.0,11.657]","[9.988344988344988,0.011655011655011656]","[0.9988344988344988,0.0011655011655011655]",0.0
97.57332,1168,13.507,Gas Giant,0.0,"[97.57332,1168.0,13.507]","[9.988344988344988,0.011655011655011656]","[0.9988344988344988,0.0011655011655011655]",0.0
276.5121,1337,12.33,Gas Giant,0.0,"[276.5121,1337.0,12.33]","[9.988344988344988,0.011655011655011656]","[0.9988344988344988,0.0011655011655011655]",0.0
889.9,1660,11.77,Gas Giant,0.0,"[889.9,1660.0,11.77]","[9.988344988344988,0.011655011655011656]","[0.9988344988344988,0.0011655011655011655]",0.0
11.84,499,3.12,Gas Giant,0.0,"[11.84,499.0,3.12]","[9.953862229724297,0.04613777027570131]","[0.99538622297243,0.004613777027570132]",0.0
13.9,594,4.57,Gas Giant,0.0,"[13.9,594.0,4.57]","[9.988344988344988,0.011655011655011656]","[0.9988344988344988,0.0011655011655011655]",0.0
5.4,938,2.213,Rocky Planet,1.0,"[5.4,938.0,2.213]","[0.0,10.0]","[0.0,1.0]",1.0
3.87,315,0.958,Rocky Planet,1.0,"[3.87,315.0,0.958]","[0.0,10.0]","[0.0,1.0]",1.0
2.5,634,2.651,Rocky Planet,1.0,"[2.5,634.0,2.651]","[0.0,10.0]","[0.0,1.0]",1.0
3.7,701,0.892,Rocky Planet,1.0,"[3.7,701.0,0.892]","[0.0,10.0]","[0.0,1.0]",1.0
100.11645,804,9.494,Gas Giant,0.0,"[100.11645,804.0,9.494]","[9.988344988344988,0.011655011655011656]","[0.9988344988344988,0.0011655011655011655]",0.0
734.18362,1472,12.442,Gas Giant,0.0,"[734.18362,1472.0,12.442]","[9.988344988344988,0.011655011655011656]","[0.9988344988344988,0.0011655011655011655]",0.0
1102.82,1550,14.68,Gas Giant,0.0,"[1102.82,1550.0,14.68]","[9.988344988344988,0.011655011655011656]","[0.9988344988344988,0.0011655011655011655]",0.0
791.3967,1557,12.812,Gas Giant,0.0,"[791.3967,1557.0,12.812]","[9.988344988344988,0.011655011655011656]","[0.9988344988344988,0.0011655011655011655]",0.0
13.0,1285,2.296,Gas Giant,0.0,"[13.0,1285.0,2.296]","[10.0,0.0]","[1.0,0.0]",0.0
34.00764,1185,5.066,Gas Giant,0.0,"[34.00764,1185.0,5.066]","[9.988344988344988,0.011655011655011656]","[0.9988344988344988,0.0011655011655011655]",0.0
63.9,1393,10.124,Gas Giant,0.0,"[63.9,1393.0,10.124]","[9.988344988344988,0.011655011655011656]","[0.9988344988344988,0.0011655011655011655]",0.0
6.15,488,2.355,Rocky Planet,1.0,"[6.15,488.0,2.355]","[0.0,10.0]","[0.0,1.0]",1.0
3.34,693,2.13,Rocky Planet,1.0,"[3.34,693.0,2.13]","[0.0,10.0]","[0.0,1.0]",1.0
73.0,1040,8.54,Gas Giant,0.0,"[73.0,1040.0,8.54]","[9.988344988344988,0.011655011655011656]","[0.9988344988344988,0.0011655011655011655]",0.0
489.45575,1278,12.588,Gas Giant,0.0,"[489.45575,1278.0,12.588]","[9.988344988344988,0.011655011655011656]","[0.9988344988344988,0.0011655011655011655]",0.0
3.9,533,1.94,Rocky Planet,1.0,"[3.9,533.0,1.94]","[0.0,10.0]","[0.0,1.0]",1.0
31.46517,1085,6.793,Gas Giant,0.0,"[31.46517,1085.0,6.793]","[9.988344988344988,0.011655011655011656]","[0.9988344988344988,0.0011655011655011655]",0.0
117.5971,587,11.478,Gas Giant,0.0,"[117.5971,587.0,11.478]","[9.988344988344988,0.011655011655011656]","[0.9988344988344988,0.0011655011655011655]",0.0
37.18611,910,8.967,Gas Giant,0.0,"[37.18611,910.0,8.967]","[9.988344988344988,0.011655011655011656]","[0.9988344988344988,0.0011655011655011655]",0.0
194.82979,1277,14.123,Gas Giant,0.0,"[194.82979,1277.0,14.123]","[9.988344988344988,0.011655011655011656]","[0.9988344988344988,0.0011655011655011655]",0.0
63.88351,1352,10.929,Gas Giant,0.0,"[63.88351,1352.0,10.929]","[9.988344988344988,0.011655011655011656]","[0.9988344988344988,0.0011655011655011655]",0.0
8.04,359,2.39,Rocky Planet,1.0,"[8.04,359.0,2.39]","[0.0,10.0]","[0.0,1.0]",1.0
124.90656,414,9.606,Gas Giant,0.0,"[124.90656,414.0,9.606]","[9.988344988344988,0.011655011655011656]","[0.9988344988344988,0.0011655011655011655]",0.0
4.74,1015,1.602,Rocky Planet,1.0,"[4.74,1015.0,1.602]","[0.0,10.0]","[0.0,1.0]",1.0
24.472,1650,4.002,Gas Giant,0.0,"[24.472,1650.0,4.002]","[9.988344988344988,0.011655011655011656]","[0.9988344988344988,0.0011655011655011655]",0.0
5.4,588,3.431,Rocky Planet,1.0,"[5.4,588.0,3.431]","[0.09090909090909091,9.90909090909091]","[0.009090909090909089,0.9909090909090909]",1.0
238.68913,1146,12.33,Gas Giant,0.0,"[238.68913,1146.0,12.33]","[9.988344988344988,0.011655011655011656]","[0.9988344988344988,0.0011655011655011655]",0.0
1.4,681,0.952,Rocky Planet,1.0,"[1.4,681.0,0.952]","[0.0,10.0]","[0.0,1.0]",1.0
9.7,753,2.469,Rocky Planet,1.0,"[9.7,753.0,2.469]","[0.7607142857142857,9.239285714285714]","[0.07607142857142857,0.9239285714285714]",1.0
260.93843,1634,16.825,Gas Giant,0.0,"[260.93843,1634.0,16.825]","[9.988344988344988,0.011655011655011656]","[0.9988344988344988,0.0011655011655011655]",0.0
473.547,2508,17.127,Gas Giant,0.0,"[473.547,2508.0,17.127]","[9.988344988344988,0.011655011655011656]","[0.9988344988344988,0.0011655011655011655]",0.0
203.41018,1259,11.153,Gas Giant,0.0,"[203.41018,1259.0,11.153]","[9.988344988344988,0.011655011655011656]","[0.9988344988344988,0.0011655011655011655]",0.0
167.17858,1407,10.862,Gas Giant,0.0,"[167.17858,1407.0,10.862]","[9.988344988344988,0.011655011655011656]","[0.9988344988344988,0.0011655011655011655]",0.0
13.31,1509,2.83,Gas Giant,0.0,"[13.31,1509.0,2.83]","[9.953862229724297,0.04613777027570131]","[0.99538622297243,0.004613777027570132]",0.0
213.255,1686,14.28,Gas Giant,0.0,"[213.255,1686.0,14.28]","[9.988344988344988,0.011655011655011656]","[0.9988344988344988,0.0011655011655011655]",0.0
1.68,2223,1.201,Rocky Planet,1.0,"[1.68,2223.0,1.201]","[0.0,10.0]","[0.0,1.0]",1.0
6.57,368,2.08,Rocky Planet,1.0,"[6.57,368.0,2.08]","[0.0,10.0]","[0.0,1.0]",1.0
953.48522,1080,9.864,Gas Giant,0.0,"[953.48522,1080.0,9.864]","[9.988344988344988,0.011655011655011656]","[0.9988344988344988,0.0011655011655011655]",0.0
4.5,1123,1.551,Rocky Planet,1.0,"[4.5,1123.0,1.551]","[0.0,10.0]","[0.0,1.0]",1.0
502.15,1706,12.184,Gas Giant,0.0,"[502.15,1706.0,12.184]","[9.988344988344988,0.011655011655011656]","[0.9988344988344988,0.0011655011655011655]",0.0
7.8,943,2.45,Rocky Planet,1.0,"[7.8,943.0,2.45]","[0.0,10.0]","[0.0,1.0]",1.0
72.78307,952,12.733,Gas Giant,0.0,"[72.78307,952.0,12.733]","[9.988344988344988,0.011655011655011656]","[0.9988344988344988,0.0011655011655011655]",0.0
98.841,1379,16.388,Gas Giant,0.0,"[98.841,1379.0,16.388]","[9.988344988344988,0.011655011655011656]","[0.9988344988344988,0.0011655011655011655]",0.0
1938.763,1385,12.722,Gas Giant,0.0,"[1938.763,1385.0,12.722]","[9.988344988344988,0.011655011655011656]","[0.9988344988344988,0.0011655011655011655]",0.0
23.5,469,2.62,Gas Giant,0.0,"[23.5,469.0,2.62]","[9.953862229724297,0.04613777027570131]","[0.99538622297243,0.004613777027570132]",0.0
4049.13391,517,11.5,Gas Giant,0.0,"[4049.13391,517.0,11.5]","[9.988344988344988,0.011655011655011656]","[0.9988344988344988,0.0011655011655011655]",0.0
699.2225,558,3.31,Gas Giant,0.0,"[699.2225,558.0,3.31]","[9.953862229724297,0.04613777027570131]","[0.99538622297243,0.004613777027570132]",0.0
7.6,686,2.94,Rocky Planet,1.0,"[7.6,686.0,2.94]","[0.09090909090909091,9.90909090909091]","[0.009090909090909089,0.9909090909090909]",1.0
213.58176,1253,13.384,Gas Giant,0.0,"[213.58176,1253.0,13.384]","[9.988344988344988,0.011655011655011656]","[0.9988344988344988,0.0011655011655011655]",0.0
23.51942,1294,6.882,Gas Giant,0.0,"[23.51942,1294.0,6.882]","[9.988344988344988,0.011655011655011656]","[0.9988344988344988,0.0011655011655011655]",0.0
6.64,338,2.064,Rocky Planet,1.0,"[6.64,338.0,2.064]","[0.0,10.0]","[0.0,1.0]",1.0
6.1,743,2.25,Rocky Planet,1.0,"[6.1,743.0,2.25]","[0.0,10.0]","[0.0,1.0]",1.0
106.47305,852,10.054,Gas Giant,0.0,"[106.47305,852.0,10.054]","[9.988344988344988,0.011655011655011656]","[0.9988344988344988,0.0011655011655011655]",0.0
211.99155,1177,14.572,Gas Giant,0.0,"[211.99155,1177.0,14.572]","[9.988344988344988,0.011655011655011656]","[0.9988344988344988,0.0011655011655011655]",0.0
298.12454,1561,14.83,Gas Giant,0.0,"[298.12454,1561.0,14.83]","[9.988344988344988,0.011655011655011656]","[0.9988344988344988,0.0011655011655011655]",0.0
7.6,381,9.7,Rocky Planet,1.0,"[7.6,381.0,9.7]","[0.0,10.0]","[0.0,1.0]",1.0
1.3,1052,0.979,Rocky Planet,1.0,"[1.3,1052.0,0.979]","[0.0,10.0]","[0.0,1.0]",1.0
3082.951,1710,14.908,Gas Giant,0.0,"[3082.951,1710.0,14.908]","[9.988344988344988,0.011655011655011656]","[0.9988344988344988,0.0011655011655011655]",0.0
8.75,1616,1.95,Rocky Planet,1.0,"[8.75,1616.0,1.95]","[0.0,10.0]","[0.0,1.0]",1.0
39.85588,739,8.097,Gas Giant,0.0,"[39.85588,739.0,8.097]","[9.988344988344988,0.011655011655011656]","[0.9988344988344988,0.0011655011655011655]",0.0
436.69623,828,13.058,Gas Giant,0.0,"[436.69623,828.0,13.058]","[9.988344988344988,0.011655011655011656]","[0.9988344988344988,0.0011655011655011655]",0.0
187.5197,1680,15.872,Gas Giant,0.0,"[187.5197,1680.0,15.872]","[9.988344988344988,0.011655011655011656]","[0.9988344988344988,0.0011655011655011655]",0.0
7.0,470,3.429,Rocky Planet,1.0,"[7.0,470.0,3.429]","[0.09090909090909091,9.90909090909091]","[0.009090909090909089,0.9909090909090909]",1.0
10.9,1129,2.896,Gas Giant,0.0,"[10.9,1129.0,2.896]","[9.828862229724297,0.17113777027570132]","[0.9828862229724299,0.017113777027570134]",0.0
136.661,1440,10.761,Gas Giant,0.0,"[136.661,1440.0,10.761]","[9.988344988344988,0.011655011655011656]","[0.9988344988344988,0.0011655011655011655]",0.0
209.13214,1624,14.123,Gas Giant,0.0,"[209.13214,1624.0,14.123]","[9.988344988344988,0.011655011655011656]","[0.9988344988344988,0.0011655011655011655]",0.0
163.36462,1729,16.141,Gas Giant,0.0,"[163.36462,1729.0,16.141]","[9.988344988344988,0.011655011655011656]","[0.9988344988344988,0.0011655011655011655]",0.0
597.5204,1856,15.693,Gas Giant,0.0,"[597.5204,1856.0,15.693]","[9.988344988344988,0.011655011655011656]","[0.9988344988344988,0.0011655011655011655]",0.0
67.4,424,7.541,Gas Giant,0.0,"[67.4,424.0,7.541]","[9.988344988344988,0.011655011655011656]","[0.9988344988344988,0.0011655011655011655]",0.0
170.4,675,11.9,Gas Giant,0.0,"[170.4,675.0,11.9]","[9.988344988344988,0.011655011655011656]","[0.9988344988344988,0.0011655011655011655]",0.0
156.05375,772,9.909,Gas Giant,0.0,"[156.05375,772.0,9.909]","[9.988344988344988,0.011655011655011656]","[0.9988344988344988,0.0011655011655011655]",0.0
11.0,1488,2.7,Gas Giant,0.0,"[11.0,1488.0,2.7]","[9.953862229724297,0.04613777027570131]","[0.99538622297243,0.004613777027570132]",0.0
182.43351,1772,18.282,Gas Giant,0.0,"[182.43351,1772.0,18.282]","[9.988344988344988,0.011655011655011656]","[0.9988344988344988,0.0011655011655011655]",0.0
1147.36055,1061,12.173,Gas Giant,0.0,"[1147.36055,1061.0,12.173]","[9.988344988344988,0.011655011655011656]","[0.9988344988344988,0.0011655011655011655]",0.0
607.0553,1636,13.159,Gas Giant,0.0,"[607.0553,1636.0,13.159]","[9.988344988344988,0.011655011655011656]","[0.9988344988344988,0.0011655011655011655]",0.0
29.0,458,3.431,Gas Giant,0.0,"[29.0,458.0,3.431]","[9.953862229724297,0.04613777027570131]","[0.99538622297243,0.004613777027570132]",0.0
27.4,868,9.19,Gas Giant,0.0,"[27.4,868.0,9.19]","[9.988344988344988,0.011655011655011656]","[0.9988344988344988,0.0011655011655011655]",0.0
13.6,638,2.93,Gas Giant,0.0,"[13.6,638.0,2.93]","[9.953862229724297,0.04613777027570131]","[0.99538622297243,0.004613777027570132]",0.0
10.9,1230,3.06,Gas Giant,0.0,"[10.9,1230.0,3.06]","[5.505052705914775,4.494947294085225]","[0.5505052705914775,0.44949472940852253]",0.0
41.8,934,6.028,Gas Giant,0.0,"[41.8,934.0,6.028]","[9.988344988344988,0.011655011655011656]","[0.9988344988344988,0.0011655011655011655]",0.0
4.3,1328,1.43,Rocky Planet,1.0,"[4.3,1328.0,1.43]","[0.0,10.0]","[0.0,1.0]",1.0
270.15415,1716,17.15,Gas Giant,0.0,"[270.15415,1716.0,17.15]","[9.988344988344988,0.011655011655011656]","[0.9988344988344988,0.0011655011655011655]",0.0
4.72,905,1.664,Rocky Planet,1.0,"[4.72,905.0,1.664]","[0.0,10.0]","[0.0,1.0]",1.0
84.857,1082,9.247,Gas Giant,0.0,"[84.857,1082.0,9.247]","[9.988344988344988,0.011655011655011656]","[0.9988344988344988,0.0011655011655011655]",0.0
222.47988,352,7.084,Gas Giant,0.0,"[222.47988,352.0,7.084]","[9.988344988344988,0.011655011655011656]","[0.9988344988344988,0.0011655011655011655]",0.0
530.77344,1264,12.229,Gas Giant,0.0,"[530.77344,1264.0,12.229]","[9.988344988344988,0.011655011655011656]","[0.9988344988344988,0.0011655011655011655]",0.0
118.23217,1622,14.93,Gas Giant,0.0,"[118.23217,1622.0,14.93]","[9.988344988344988,0.011655011655011656]","[0.9988344988344988,0.0011655011655011655]",0.0
6.7,696,2.18,Rocky Planet,1.0,"[6.7,696.0,2.18]","[0.0,10.0]","[0.0,1.0]",1.0
10.18,752,3.94,Gas Giant,0.0,"[10.18,752.0,3.94]","[7.881202131202131,2.118797868797869]","[0.7881202131202131,0.2118797868797869]",0.0
37.1,787,7.5,Gas Giant,0.0,"[37.1,787.0,7.5]","[9.988344988344988,0.011655011655011656]","[0.9988344988344988,0.0011655011655011655]",0.0
5.72,1056,1.992,Rocky Planet,1.0,"[5.72,1056.0,1.992]","[0.0,10.0]","[0.0,1.0]",1.0
1.54,508,1.147,Rocky Planet,1.0,"[1.54,508.0,1.147]","[0.0,10.0]","[0.0,1.0]",1.0
17.7,637,2.697,Gas Giant,0.0,"[17.7,637.0,2.697]","[9.953862229724297,0.04613777027570131]","[0.99538622297243,0.004613777027570132]",0.0
88.99195,718,8.541,Gas Giant,0.0,"[88.99195,718.0,8.541]","[9.988344988344988,0.011655011655011656]","[0.9988344988344988,0.0011655011655011655]",0.0
184.02357,1092,11.646,Gas Giant,0.0,"[184.02357,1092.0,11.646]","[9.988344988344988,0.011655011655011656]","[0.9988344988344988,0.0011655011655011655]",0.0
638.8383,2140,15.244,Gas Giant,0.0,"[638.8383,2140.0,15.244]","[9.988344988344988,0.011655011655011656]","[0.9988344988344988,0.0011655011655011655]",0.0
7.9,854,3.2,Rocky Planet,1.0,"[7.9,854.0,3.2]","[0.0,10.0]","[0.0,1.0]",1.0
222.481,1518,14.415,Gas Giant,0.0,"[222.481,1518.0,14.415]","[9.988344988344988,0.011655011655011656]","[0.9988344988344988,0.0011655011655011655]",0.0
292.40213,1580,16.287,Gas Giant,0.0,"[292.40213,1580.0,16.287]","[9.988344988344988,0.011655011655011656]","[0.9988344988344988,0.0011655011655011655]",0.0
333.71983,1750,14.347,Gas Giant,0.0,"[333.71983,1750.0,14.347]","[9.988344988344988,0.011655011655011656]","[0.9988344988344988,0.0011655011655011655]",0.0
222.47988,1927,16.141,Gas Giant,0.0,"[222.47988,1927.0,16.141]","[9.988344988344988,0.011655011655011656]","[0.9988344988344988,0.0011655011655011655]",0.0
8.3,641,3.828,Rocky Planet,1.0,"[8.3,641.0,3.828]","[0.09090909090909091,9.90909090909091]","[0.009090909090909089,0.9909090909090909]",1.0
19.1,702,2.48,Gas Giant,0.0,"[19.1,702.0,2.48]","[9.0,1.0]","[0.9,0.1]",0.0
227.0,894,12.87,Gas Giant,0.0,"[227.0,894.0,12.87]","[9.988344988344988,0.011655011655011656]","[0.9988344988344988,0.0011655011655011655]",0.0
161.45764,1142,17.71,Gas Giant,0.0,"[161.45764,1142.0,17.71]","[9.988344988344988,0.011655011655011656]","[0.9988344988344988,0.0011655011655011655]",0.0
5.58,1309,1.82,Rocky Planet,1.0,"[5.58,1309.0,1.82]","[0.0,10.0]","[0.0,1.0]",1.0
434.1536,1759,16.062,Gas Giant,0.0,"[434.1536,1759.0,16.062]","[9.988344988344988,0.011655011655011656]","[0.9988344988344988,0.0011655011655011655]",0.0
248.86089,1896,17.822,Gas Giant,0.0,"[248.86089,1896.0,17.822]","[9.988344988344988,0.011655011655011656]","[0.9988344988344988,0.0011655011655011655]",0.0
403.63,1070,12.11,Gas Giant,0.0,"[403.63,1070.0,12.11]","[9.988344988344988,0.011655011655011656]","[0.9988344988344988,0.0011655011655011655]",0.0
7.25,1311,2.16,Rocky Planet,1.0,"[7.25,1311.0,2.16]","[0.0,10.0]","[0.0,1.0]",1.0
168.4499,1659,16.814,Gas Giant,0.0,"[168.4499,1659.0,16.814]","[9.988344988344988,0.011655011655011656]","[0.9988344988344988,0.0011655011655011655]",0.0
14.0,673,2.12,Gas Giant,0.0,"[14.0,673.0,2.12]","[10.0,0.0]","[1.0,0.0]",0.0
16.5,811,4.16,Gas Giant,0.0,"[16.5,811.0,4.16]","[9.988344988344988,0.011655011655011656]","[0.9988344988344988,0.0011655011655011655]",0.0
8.32,543,2.0,Rocky Planet,1.0,"[8.32,543.0,2.0]","[0.0,10.0]","[0.0,1.0]",1.0
8.3,751,2.12,Rocky Planet,1.0,"[8.3,751.0,2.12]","[0.0,10.0]","[0.0,1.0]",1.0
10.0,880,3.41,Rocky Planet,1.0,"[10.0,880.0,3.41]","[3.630052705914775,6.369947294085225]","[0.3630052705914775,0.6369947294085225]",1.0
3.9,1838,1.381,Rocky Planet,1.0,"[3.9,1838.0,1.381]","[0.0,10.0]","[0.0,1.0]",1.0
375.02,2013,13.45,Gas Giant,0.0,"[375.02,2013.0,13.45]","[9.988344988344988,0.011655011655011656]","[0.9988344988344988,0.0011655011655011655]",0.0
12.6,415,2.55,Gas Giant,0.0,"[12.6,415.0,2.55]","[9.833333333333334,0.16666666666666666]","[0.9833333333333334,0.016666666666666666]",0.0
5.11,501,2.078,Rocky Planet,1.0,"[5.11,501.0,2.078]","[0.0,10.0]","[0.0,1.0]",1.0
1.86,716,1.13,Rocky Planet,1.0,"[1.86,716.0,1.13]","[0.0,10.0]","[0.0,1.0]",1.0
28.0,850,5.0,Gas Giant,0.0,"[28.0,850.0,5.0]","[9.988344988344988,0.011655011655011656]","[0.9988344988344988,0.0011655011655011655]",0.0
2.0,976,1.199,Rocky Planet,1.0,"[2.0,976.0,1.199]","[0.0,10.0]","[0.0,1.0]",1.0
4.9,1276,2.49,Rocky Planet,1.0,"[4.9,1276.0,2.49]","[0.0,10.0]","[0.0,1.0]",1.0
3.07,1862,1.28,Rocky Planet,1.0,"[3.07,1862.0,1.28]","[0.0,10.0]","[0.0,1.0]",1.0
2.3,410,1.51,Rocky Planet,1.0,"[2.3,410.0,1.51]","[0.0,10.0]","[0.0,1.0]",1.0
6.1,851,2.209,Rocky Planet,1.0,"[6.1,851.0,2.209]","[0.0,10.0]","[0.0,1.0]",1.0
270.47333,918,11.882,Gas Giant,0.0,"[270.47333,918.0,11.882]","[9.988344988344988,0.011655011655011656]","[0.9988344988344988,0.0011655011655011655]",0.0
238.05467,1540,15.614,Gas Giant,0.0,"[238.05467,1540.0,15.614]","[9.988344988344988,0.011655011655011656]","[0.9988344988344988,0.0011655011655011655]",0.0
11.13,564,3.0,Gas Giant,0.0,"[11.13,564.0,3.0]","[9.953862229724297,0.04613777027570131]","[0.99538622297243,0.004613777027570132]",0.0
9.1,941,2.765,Rocky Planet,1.0,"[9.1,941.0,2.765]","[0.0,10.0]","[0.0,1.0]",1.0
194.82881,1327,14.202,Gas Giant,0.0,"[194.82881,1327.0,14.202]","[9.988344988344988,0.011655011655011656]","[0.9988344988344988,0.0011655011655011655]",0.0
360.09959,1701,18.495,Gas Giant,0.0,"[360.09959,1701.0,18.495]","[9.988344988344988,0.011655011655011656]","[0.9988344988344988,0.0011655011655011655]",0.0
718.2958,2166,15.637,Gas Giant,0.0,"[718.2958,2166.0,15.637]","[9.988344988344988,0.011655011655011656]","[0.9988344988344988,0.0011655011655011655]",0.0
875.61726,348,11.321,Gas Giant,0.0,"[875.61726,348.0,11.321]","[9.988344988344988,0.011655011655011656]","[0.9988344988344988,0.0011655011655011655]",0.0
89.4,1200,12.349,Gas Giant,0.0,"[89.4,1200.0,12.349]","[9.988344988344988,0.011655011655011656]","[0.9988344988344988,0.0011655011655011655]",0.0
10.5,1486,1.71,Gas Giant,0.0,"[10.5,1486.0,1.71]","[4.285714285714286,5.714285714285714]","[0.42857142857142855,0.5714285714285714]",1.0
4.23,425,2.62,Rocky Planet,1.0,"[4.23,425.0,2.62]","[0.0,10.0]","[0.0,1.0]",1.0
295.5819,1345,12.218,Gas Giant,0.0,"[295.5819,1345.0,12.218]","[9.988344988344988,0.011655011655011656]","[0.9988344988344988,0.0011655011655011655]",0.0
731.00534,1375,12.778,Gas Giant,0.0,"[731.00534,1375.0,12.778]","[9.988344988344988,0.011655011655011656]","[0.9988344988344988,0.0011655011655011655]",0.0
441.77,2212,15.278,Gas Giant,0.0,"[441.77,2212.0,15.278]","[9.988344988344988,0.011655011655011656]","[0.9988344988344988,0.0011655011655011655]",0.0
9.5,1037,2.726,Rocky Planet,1.0,"[9.5,1037.0,2.726]","[0.0,10.0]","[0.0,1.0]",1.0
1144.18227,1166,11.893,Gas Giant,0.0,"[1144.18227,1166.0,11.893]","[9.988344988344988,0.011655011655011656]","[0.9988344988344988,0.0011655011655011655]",0.0
200.2329,1840,18.271,Gas Giant,0.0,"[200.2329,1840.0,18.271]","[9.988344988344988,0.011655011655011656]","[0.9988344988344988,0.0011655011655011655]",0.0
9.9,633,3.29,Rocky Planet,1.0,"[9.9,633.0,3.29]","[5.3459617968238655,4.6540382031761345]","[0.5345961796823866,0.46540382031761346]",0.0
95.3,1415,14.116,Gas Giant,0.0,"[95.3,1415.0,14.116]","[9.988344988344988,0.011655011655011656]","[0.9988344988344988,0.0011655011655011655]",0.0
17.2,460,2.49,Gas Giant,0.0,"[17.2,460.0,2.49]","[9.833333333333334,0.16666666666666666]","[0.9833333333333334,0.016666666666666666]",0.0
11.24,677,2.916,Gas Giant,0.0,"[11.24,677.0,2.916]","[9.953862229724297,0.04613777027570131]","[0.99538622297243,0.004613777027570132]",0.0
940.74,1017,13.068,Gas Giant,0.0,"[940.74,1017.0,13.068]","[9.988344988344988,0.011655011655011656]","[0.9988344988344988,0.0011655011655011655]",0.0
200.22,1078,10.76,Gas Giant,0.0,"[200.22,1078.0,10.76]","[9.988344988344988,0.011655011655011656]","[0.9988344988344988,0.0011655011655011655]",0.0
55.30242,1526,9.55,Gas Giant,0.0,"[55.30242,1526.0,9.55]","[9.988344988344988,0.011655011655011656]","[0.9988344988344988,0.0011655011655011655]",0.0
546.66486,2090,18.416,Gas Giant,0.0,"[546.66486,2090.0,18.416]","[9.988344988344988,0.011655011655011656]","[0.9988344988344988,0.0011655011655011655]",0.0
266.9772,420,11.949,Gas Giant,0.0,"[266.9772,420.0,11.949]","[9.988344988344988,0.011655011655011656]","[0.9988344988344988,0.0011655011655011655]",0.0
7.3,523,1.31,Rocky Planet,1.0,"[7.3,523.0,1.31]","[0.0,10.0]","[0.0,1.0]",1.0
330.54154,1646,18.495,Gas Giant,0.0,"[330.54154,1646.0,18.495]","[9.988344988344988,0.011655011655011656]","[0.9988344988344988,0.0011655011655011655]",0.0
19.5,426,2.749,Gas Giant,0.0,"[19.5,426.0,2.749]","[9.953862229724297,0.04613777027570131]","[0.99538622297243,0.004613777027570132]",0.0
58.7,947,10.3,Gas Giant,0.0,"[58.7,947.0,10.3]","[9.988344988344988,0.011655011655011656]","[0.9988344988344988,0.0011655011655011655]",0.0
8.7,993,3.297,Rocky Planet,1.0,"[8.7,993.0,3.297]","[0.0,10.0]","[0.0,1.0]",1.0
78.5,1439,6.41,Gas Giant,0.0,"[78.5,1439.0,6.41]","[9.988344988344988,0.011655011655011656]","[0.9988344988344988,0.0011655011655011655]",0.0
2.8,1842,1.47,Rocky Planet,1.0,"[2.8,1842.0,1.47]","[0.0,10.0]","[0.0,1.0]",1.0
6.8,384,2.122,Rocky Planet,1.0,"[6.8,384.0,2.122]","[0.0,10.0]","[0.0,1.0]",1.0
13.2,651,2.76,Gas Giant,0.0,"[13.2,651.0,2.76]","[9.953862229724297,0.04613777027570131]","[0.99538622297243,0.004613777027570132]",0.0
20.31,907,5.93,Gas Giant,0.0,"[20.31,907.0,5.93]","[9.988344988344988,0.011655011655011656]","[0.9988344988344988,0.0011655011655011655]",0.0
67.059,963,10.749,Gas Giant,0.0,"[67.059,963.0,10.749]","[9.988344988344988,0.011655011655011656]","[0.9988344988344988,0.0011655011655011655]",0.0
1767.0,1363,12.419,Gas Giant,0.0,"[1767.0,1363.0,12.419]","[9.988344988344988,0.011655011655011656]","[0.9988344988344988,0.0011655011655011655]",0.0
6.27,789,2.043,Rocky Planet,1.0,"[6.27,789.0,2.043]","[0.0,10.0]","[0.0,1.0]",1.0
324.18498,801,12.599,Gas Giant,0.0,"[324.18498,801.0,12.599]","[9.988344988344988,0.011655011655011656]","[0.9988344988344988,0.0011655011655011655]",0.0
73.2,1479,3.46,Gas Giant,0.0,"[73.2,1479.0,3.46]","[9.953862229724297,0.04613777027570131]","[0.99538622297243,0.004613777027570132]",0.0
14.3,490,2.73,Gas Giant,0.0,"[14.3,490.0,2.73]","[9.953862229724297,0.04613777027570131]","[0.99538622297243,0.004613777027570132]",0.0
1112.39942,592,12.106,Gas Giant,0.0,"[1112.39942,592.0,12.106]","[9.988344988344988,0.011655011655011656]","[0.9988344988344988,0.0011655011655011655]",0.0
637.0,705,12.17,Gas Giant,0.0,"[637.0,705.0,12.17]","[9.988344988344988,0.011655011655011656]","[0.9988344988344988,0.0011655011655011655]",0.0
3.03,1062,1.468,Rocky Planet,1.0,"[3.03,1062.0,1.468]","[0.0,10.0]","[0.0,1.0]",1.0
335.94463,1505,10.077,Gas Giant,0.0,"[335.94463,1505.0,10.077]","[9.988344988344988,0.011655011655011656]","[0.9988344988344988,0.0011655011655011655]",0.0
4.0,439,9.0,Rocky Planet,1.0,"[4.0,439.0,9.0]","[0.0,10.0]","[0.0,1.0]",1.0
232.0159,1171,13.339,Gas Giant,0.0,"[232.0159,1171.0,13.339]","[9.988344988344988,0.011655011655011656]","[0.9988344988344988,0.0011655011655011655]",0.0
44.17815,1254,16.41,Gas Giant,0.0,"[44.17815,1254.0,16.41]","[9.988344988344988,0.011655011655011656]","[0.9988344988344988,0.0011655011655011655]",0.0
5.681,506,3.25,Rocky Planet,1.0,"[5.681,506.0,3.25]","[0.09090909090909091,9.90909090909091]","[0.009090909090909089,0.9909090909090909]",1.0
96.0,708,8.047,Gas Giant,0.0,"[96.0,708.0,8.047]","[9.988344988344988,0.011655011655011656]","[0.9988344988344988,0.0011655011655011655]",0.0
4.28,1035,1.44,Rocky Planet,1.0,"[4.28,1035.0,1.44]","[0.0,10.0]","[0.0,1.0]",1.0
16.137,1317,3.186,Gas Giant,0.0,"[16.137,1317.0,3.186]","[9.953862229724297,0.04613777027570131]","[0.99538622297243,0.004613777027570132]",0.0
699.2,1620,13.11,Gas Giant,0.0,"[699.2,1620.0,13.11]","[9.988344988344988,0.011655011655011656]","[0.9988344988344988,0.0011655011655011655]",0.0
1595.4986,3646,15.098,Gas Giant,0.0,"[1595.4986,3646.0,15.098]","[9.988344988344988,0.011655011655011656]","[0.9988344988344988,0.0011655011655011655]",0.0
101.38777,713,11.187,Gas Giant,0.0,"[101.38777,713.0,11.187]","[9.988344988344988,0.011655011655011656]","[0.9988344988344988,0.0011655011655011655]",0.0
657.0,783,9.86,Gas Giant,0.0,"[657.0,783.0,9.86]","[9.988344988344988,0.011655011655011656]","[0.9988344988344988,0.0011655011655011655]",0.0
7.51,1001,1.64,Rocky Planet,1.0,"[7.51,1001.0,1.64]","[0.0,10.0]","[0.0,1.0]",1.0
14.0,510,1.95,Gas Giant,0.0,"[14.0,510.0,1.95]","[10.0,0.0]","[1.0,0.0]",0.0
120.45697,995,9.169,Gas Giant,0.0,"[120.45697,995.0,9.169]","[9.988344988344988,0.011655011655011656]","[0.9988344988344988,0.0011655011655011655]",0.0
4.07,998,1.63,Rocky Planet,1.0,"[4.07,998.0,1.63]","[0.0,10.0]","[0.0,1.0]",1.0
180.84527,1182,12.722,Gas Giant,0.0,"[180.84527,1182.0,12.722]","[9.988344988344988,0.011655011655011656]","[0.9988344988344988,0.0011655011655011655]",0.0
711.9392,1834,15.491,Gas Giant,0.0,"[711.9392,1834.0,15.491]","[9.988344988344988,0.011655011655011656]","[0.9988344988344988,0.0011655011655011655]",0.0
35.0,208,1.41,Gas Giant,0.0,"[35.0,208.0,1.41]","[10.0,0.0]","[1.0,0.0]",0.0
2.22,553,1.385,Rocky Planet,1.0,"[2.22,553.0,1.385]","[0.0,10.0]","[0.0,1.0]",1.0
340.382,1648,15.48,Gas Giant,0.0,"[340.382,1648.0,15.48]","[9.988344988344988,0.011655011655011656]","[0.9988344988344988,0.0011655011655011655]",0.0
324.2,478,13.49,Gas Giant,0.0,"[324.2,478.0,13.49]","[9.988344988344988,0.011655011655011656]","[0.9988344988344988,0.0011655011655011655]",0.0
1900.61387,799,11.209,Gas Giant,0.0,"[1900.61387,799.0,11.209]","[9.988344988344988,0.011655011655011656]","[0.9988344988344988,0.0011655011655011655]",0.0
198.953,1384,13.585,Gas Giant,0.0,"[198.953,1384.0,13.585]","[9.988344988344988,0.011655011655011656]","[0.9988344988344988,0.0011655011655011655]",0.0
740.51,1657,16.03,Gas Giant,0.0,"[740.51,1657.0,16.03]","[9.988344988344988,0.011655011655011656]","[0.9988344988344988,0.0011655011655011655]",0.0
2955.80419,860,10.424,Gas Giant,0.0,"[2955.80419,860.0,10.424]","[9.988344988344988,0.011655011655011656]","[0.9988344988344988,0.0011655011655011655]",0.0
43.86032,1027,7.163,Gas Giant,0.0,"[43.86032,1027.0,7.163]","[9.988344988344988,0.011655011655011656]","[0.9988344988344988,0.0011655011655011655]",0.0
165.27077,1499,13.608,Gas Giant,0.0,"[165.27077,1499.0,13.608]","[9.988344988344988,0.011655011655011656]","[0.9988344988344988,0.0011655011655011655]",0.0
13.2,598,2.82,Gas Giant,0.0,"[13.2,598.0,2.82]","[9.953862229724297,0.04613777027570131]","[0.99538622297243,0.004613777027570132]",0.0
25.1,957,11.89,Gas Giant,0.0,"[25.1,957.0,11.89]","[9.988344988344988,0.011655011655011656]","[0.9988344988344988,0.0011655011655011655]",0.0
292.4036,1437,14.0,Gas Giant,0.0,"[292.4036,1437.0,14.0]","[9.988344988344988,0.011655011655011656]","[0.9988344988344988,0.0011655011655011655]",0.0
212.31044,1460,14.617,Gas Giant,0.0,"[212.31044,1460.0,14.617]","[9.988344988344988,0.011655011655011656]","[0.9988344988344988,0.0011655011655011655]",0.0
7.42,2141,1.72,Rocky Planet,1.0,"[7.42,2141.0,1.72]","[0.0,10.0]","[0.0,1.0]",1.0
1017.0509,872,13.316,Gas Giant,0.0,"[1017.0509,872.0,13.316]","[9.988344988344988,0.011655011655011656]","[0.9988344988344988,0.0011655011655011655]",0.0
177.9848,1161,11.96,Gas Giant,0.0,"[177.9848,1161.0,11.96]","[9.988344988344988,0.011655011655011656]","[0.9988344988344988,0.0011655011655011655]",0.0
425.57437,1284,14.863,Gas Giant,0.0,"[425.57437,1284.0,14.863]","[9.988344988344988,0.011655011655011656]","[0.9988344988344988,0.0011655011655011655]",0.0
11.0,1441,3.02,Gas Giant,0.0,"[11.0,1441.0,3.02]","[9.953862229724297,0.04613777027570131]","[0.99538622297243,0.004613777027570132]",0.0
174.4878,1566,13.451,Gas Giant,0.0,"[174.4878,1566.0,13.451]","[9.988344988344988,0.011655011655011656]","[0.9988344988344988,0.0011655011655011655]",0.0
2.44,1694,1.497,Rocky Planet,1.0,"[2.44,1694.0,1.497]","[0.0,10.0]","[0.0,1.0]",1.0
2.68,372,1.582,Rocky Planet,1.0,"[2.68,372.0,1.582]","[0.0,10.0]","[0.0,1.0]",1.0
246.00042,676,11.276,Gas Giant,0.0,"[246.00042,676.0,11.276]","[9.988344988344988,0.011655011655011656]","[0.9988344988344988,0.0011655011655011655]",0.0
178.30263,1604,14.617,Gas Giant,0.0,"[178.30263,1604.0,14.617]","[9.988344988344988,0.011655011655011656]","[0.9988344988344988,0.0011655011655011655]",0.0
750.07504,1357,14.908,Gas Giant,0.0,"[750.07504,1357.0,14.908]","[9.988344988344988,0.011655011655011656]","[0.9988344988344988,0.0011655011655011655]",0.0
886.7457,1590,11.994,Gas Giant,0.0,"[886.7457,1590.0,11.994]","[9.988344988344988,0.011655011655011656]","[0.9988344988344988,0.0011655011655011655]",0.0
3.8,1592,1.536,Rocky Planet,1.0,"[3.8,1592.0,1.536]","[0.0,10.0]","[0.0,1.0]",1.0
68.2,2155,7.16,Gas Giant,0.0,"[68.2,2155.0,7.16]","[9.988344988344988,0.011655011655011656]","[0.9988344988344988,0.0011655011655011655]",0.0
3241.84975,2429,13.899,Gas Giant,0.0,"[3241.84975,2429.0,13.899]","[9.988344988344988,0.011655011655011656]","[0.9988344988344988,0.0011655011655011655]",0.0
9.7,1187,1.773,Rocky Planet,1.0,"[9.7,1187.0,1.773]","[0.7607142857142857,9.239285714285714]","[0.07607142857142857,0.9239285714285714]",1.0
7.34184,1366,1.708,Rocky Planet,1.0,"[7.34184,1366.0,1.708]","[0.0,10.0]","[0.0,1.0]",1.0
4.53,979,1.42,Rocky Planet,1.0,"[4.53,979.0,1.42]","[0.0,10.0]","[0.0,1.0]",1.0
346.4347,1459,11.545,Gas Giant,0.0,"[346.4347,1459.0,11.545]","[9.988344988344988,0.011655011655011656]","[0.9988344988344988,0.0011655011655011655]",0.0
467.2101,1942,17.901,Gas Giant,0.0,"[467.2101,1942.0,17.901]","[9.988344988344988,0.011655011655011656]","[0.9988344988344988,0.0011655011655011655]",0.0
664.237,2056,15.334,Gas Giant,0.0,"[664.237,2056.0,15.334]","[9.988344988344988,0.011655011655011656]","[0.9988344988344988,0.0011655011655011655]",0.0
390.9309,833,9.976,Gas Giant,0.0,"[390.9309,833.0,9.976]","[9.988344988344988,0.011655011655011656]","[0.9988344988344988,0.0011655011655011655]",0.0
7.4,949,2.49,Rocky Planet,1.0,"[7.4,949.0,2.49]","[0.0,10.0]","[0.0,1.0]",1.0
55.61997,1295,12.274,Gas Giant,0.0,"[55.61997,1295.0,12.274]","[9.988344988344988,0.011655011655011656]","[0.9988344988344988,0.0011655011655011655]",0.0
6.5,620,2.48,Rocky Planet,1.0,"[6.5,620.0,2.48]","[0.0,10.0]","[0.0,1.0]",1.0
4.2,754,2.075,Rocky Planet,1.0,"[4.2,754.0,2.075]","[0.0,10.0]","[0.0,1.0]",1.0
112.19399,835,8.575,Gas Giant,0.0,"[112.19399,835.0,8.575]","[9.988344988344988,0.011655011655011656]","[0.9988344988344988,0.0011655011655011655]",0.0
2.53,996,1.24,Rocky Planet,1.0,"[2.53,996.0,1.24]","[0.0,10.0]","[0.0,1.0]",1.0
392.83788,1252,13.115,Gas Giant,0.0,"[392.83788,1252.0,13.115]","[9.988344988344988,0.011655011655011656]","[0.9988344988344988,0.0011655011655011655]",0.0
1458.83239,1391,12.711,Gas Giant,0.0,"[1458.83239,1391.0,12.711]","[9.988344988344988,0.011655011655011656]","[0.9988344988344988,0.0011655011655011655]",0.0
82.6358,650,8.676,Gas Giant,0.0,"[82.6358,650.0,8.676]","[9.988344988344988,0.011655011655011656]","[0.9988344988344988,0.0011655011655011655]",0.0
11.4,578,2.355,Gas Giant,0.0,"[11.4,578.0,2.355]","[9.833333333333334,0.16666666666666666]","[0.9833333333333334,0.016666666666666666]",0.0
172.58169,1244,13.585,Gas Giant,0.0,"[172.58169,1244.0,13.585]","[9.988344988344988,0.011655011655011656]","[0.9988344988344988,0.0011655011655011655]",0.0
3.48,1517,1.62,Rocky Planet,1.0,"[3.48,1517.0,1.62]","[0.0,10.0]","[0.0,1.0]",1.0
251.40353,1715,12.173,Gas Giant,0.0,"[251.40353,1715.0,12.173]","[9.988344988344988,0.011655011655011656]","[0.9988344988344988,0.0011655011655011655]",0.0
15.6,1012,4.32,Gas Giant,0.0,"[15.6,1012.0,4.32]","[9.988344988344988,0.011655011655011656]","[0.9988344988344988,0.0011655011655011655]",0.0
420.471,1315,11.433,Gas Giant,0.0,"[420.471,1315.0,11.433]","[9.988344988344988,0.011655011655011656]","[0.9988344988344988,0.0011655011655011655]",0.0
29.875,984,8.059,Gas Giant,0.0,"[29.875,984.0,8.059]","[9.988344988344988,0.011655011655011656]","[0.9988344988344988,0.0011655011655011655]",0.0
327.35,1898,16.7,Gas Giant,0.0,"[327.35,1898.0,16.7]","[9.988344988344988,0.011655011655011656]","[0.9988344988344988,0.0011655011655011655]",0.0
4.78,387,2.133,Rocky Planet,1.0,"[4.78,387.0,2.133]","[0.0,10.0]","[0.0,1.0]",1.0
7.72,521,2.287,Rocky Planet,1.0,"[7.72,521.0,2.287]","[0.0,10.0]","[0.0,1.0]",1.0
305.1168,1487,14.908,Gas Giant,0.0,"[305.1168,1487.0,14.908]","[9.988344988344988,0.011655011655011656]","[0.9988344988344988,0.0011655011655011655]",0.0
105.83686,1534,10.368,Gas Giant,0.0,"[105.83686,1534.0,10.368]","[9.988344988344988,0.011655011655011656]","[0.9988344988344988,0.0011655011655011655]",0.0
676.9779,1610,12.644,Gas Giant,0.0,"[676.9779,1610.0,12.644]","[9.988344988344988,0.011655011655011656]","[0.9988344988344988,0.0011655011655011655]",0.0
127.13136,565,9.303,Gas Giant,0.0,"[127.13136,565.0,9.303]","[9.988344988344988,0.011655011655011656]","[0.9988344988344988,0.0011655011655011655]",0.0
371.528,1271,13.204,Gas Giant,0.0,"[371.528,1271.0,13.204]","[9.988344988344988,0.011655011655011656]","[0.9988344988344988,0.0011655011655011655]",0.0
21.3,1372,2.49,Gas Giant,0.0,"[21.3,1372.0,2.49]","[10.0,0.0]","[1.0,0.0]",0.0
11.26782,1515,3.3,Gas Giant,0.0,"[11.26782,1515.0,3.3]","[9.953862229724297,0.04613777027570131]","[0.99538622297243,0.004613777027570132]",0.0
408.72733,400,11.814,Gas Giant,0.0,"[408.72733,400.0,11.814]","[9.988344988344988,0.011655011655011656]","[0.9988344988344988,0.0011655011655011655]",0.0
258.07796,790,14.908,Gas Giant,0.0,"[258.07796,790.0,14.908]","[9.988344988344988,0.011655011655011656]","[0.9988344988344988,0.0011655011655011655]",0.0
196.0,377,10.55,Gas Giant,0.0,"[196.0,377.0,10.55]","[9.988344988344988,0.011655011655011656]","[0.9988344988344988,0.0011655011655011655]",0.0
7.943,585,4.23,Rocky Planet,1.0,"[7.943,585.0,4.23]","[0.0,10.0]","[0.0,1.0]",1.0
6.26,1329,1.841,Rocky Planet,1.0,"[6.26,1329.0,1.841]","[0.0,10.0]","[0.0,1.0]",1.0
899.45439,1802,14.359,Gas Giant,0.0,"[899.45439,1802.0,14.359]","[9.988344988344988,0.011655011655011656]","[0.9988344988344988,0.0011655011655011655]",0.0
388.38826,2037,16.41,Gas Giant,0.0,"[388.38826,2037.0,16.41]","[9.988344988344988,0.011655011655011656]","[0.9988344988344988,0.0011655011655011655]",0.0
5.4,916,2.37,Rocky Planet,1.0,"[5.4,916.0,2.37]","[0.0,10.0]","[0.0,1.0]",1.0
54.98459,1054,10.122,Gas Giant,0.0,"[54.98459,1054.0,10.122]","[9.988344988344988,0.011655011655011656]","[0.9988344988344988,0.0011655011655011655]",0.0
11.8,1242,3.52,Gas Giant,0.0,"[11.8,1242.0,3.52]","[9.953862229724297,0.04613777027570131]","[0.99538622297243,0.004613777027570132]",0.0
216.12332,1567,15.805,Gas Giant,0.0,"[216.12332,1567.0,15.805]","[9.988344988344988,0.011655011655011656]","[0.9988344988344988,0.0011655011655011655]",0.0
471.65972,1778,14.773,Gas Giant,0.0,"[471.65972,1778.0,14.773]","[9.988344988344988,0.011655011655011656]","[0.9988344988344988,0.0011655011655011655]",0.0
279.6904,1823,18.383,Gas Giant,0.0,"[279.6904,1823.0,18.383]","[9.988344988344988,0.011655011655011656]","[0.9988344988344988,0.0011655011655011655]",0.0
1694.0339,1998,15.816,Gas Giant,0.0,"[1694.0339,1998.0,15.816]","[9.988344988344988,0.011655011655011656]","[0.9988344988344988,0.0011655011655011655]",0.0
17.2,622,2.582,Gas Giant,0.0,"[17.2,622.0,2.582]","[9.833333333333334,0.16666666666666666]","[0.9833333333333334,0.016666666666666666]",0.0
584.78,704,12.341,Gas Giant,0.0,"[584.78,704.0,12.341]","[9.988344988344988,0.011655011655011656]","[0.9988344988344988,0.0011655011655011655]",0.0
147.15455,703,7.23,Gas Giant,0.0,"[147.15455,703.0,7.23]","[9.988344988344988,0.011655011655011656]","[0.9988344988344988,0.0011655011655011655]",0.0
1080.622,1226,13.395,Gas Giant,0.0,"[1080.622,1226.0,13.395]","[9.988344988344988,0.011655011655011656]","[0.9988344988344988,0.0011655011655011655]",0.0
1172.7927,1880,13.451,Gas Giant,0.0,"[1172.7927,1880.0,13.451]","[9.988344988344988,0.011655011655011656]","[0.9988344988344988,0.0011655011655011655]",0.0
371.8611,2061,16.141,Gas Giant,0.0,"[371.8611,2061.0,16.141]","[9.988344988344988,0.011655011655011656]","[0.9988344988344988,0.0011655011655011655]",0.0
61.5,867,5.82,Gas Giant,0.0,"[61.5,867.0,5.82]","[9.988344988344988,0.011655011655011656]","[0.9988344988344988,0.0011655011655011655]",0.0
2302.899,970,9.718,Gas Giant,0.0,"[2302.899,970.0,9.718]","[9.988344988344988,0.011655011655011656]","[0.9988344988344988,0.0011655011655011655]",0.0
587.41341,1781,14.314,Gas Giant,0.0,"[587.41341,1781.0,14.314]","[9.988344988344988,0.011655011655011656]","[0.9988344988344988,0.0011655011655011655]",0.0
4.23,493,1.71,Rocky Planet,1.0,"[4.23,493.0,1.71]","[0.0,10.0]","[0.0,1.0]",1.0
10.48,911,2.884,Gas Giant,0.0,"[10.48,911.0,2.884]","[8.828862229724297,1.1711377702757013]","[0.8828862229724299,0.11711377702757016]",0.0
7.7,1173,0.86,Rocky Planet,1.0,"[7.7,1173.0,0.86]","[0.0,10.0]","[0.0,1.0]",1.0
165.26,1600,14.12,Gas Giant,0.0,"[165.26,1600.0,14.12]","[9.988344988344988,0.011655011655011656]","[0.9988344988344988,0.0011655011655011655]",0.0
1678.1424,388,12.42,Gas Giant,0.0,"[1678.1424,388.0,12.42]","[9.988344988344988,0.011655011655011656]","[0.9988344988344988,0.0011655011655011655]",0.0
295.58042,962,13.563,Gas Giant,0.0,"[295.58042,962.0,13.563]","[9.988344988344988,0.011655011655011656]","[0.9988344988344988,0.0011655011655011655]",0.0
117.27927,853,12.52,Gas Giant,0.0,"[117.27927,853.0,12.52]","[9.988344988344988,0.011655011655011656]","[0.9988344988344988,0.0011655011655011655]",0.0
260.61929,1431,13.641,Gas Giant,0.0,"[260.61929,1431.0,13.641]","[9.988344988344988,0.011655011655011656]","[0.9988344988344988,0.0011655011655011655]",0.0
4.97,2103,1.51,Rocky Planet,1.0,"[4.97,2103.0,1.51]","[0.0,10.0]","[0.0,1.0]",1.0
10.8,443,3.14,Gas Giant,0.0,"[10.8,443.0,3.14]","[6.203104653966722,3.796895346033277]","[0.6203104653966722,0.37968953460332766]",0.0
4.66,1133,1.478,Rocky Planet,1.0,"[4.66,1133.0,1.478]","[0.0,10.0]","[0.0,1.0]",1.0
4.82,326,1.672,Rocky Planet,1.0,"[4.82,326.0,1.672]","[0.0,10.0]","[0.0,1.0]",1.0
5.4,435,2.52,Rocky Planet,1.0,"[5.4,435.0,2.52]","[0.0,10.0]","[0.0,1.0]",1.0
305.11527,500,10.402,Gas Giant,0.0,"[305.11527,500.0,10.402]","[9.988344988344988,0.011655011655011656]","[0.9988344988344988,0.0011655011655011655]",0.0
44.0,563,7.9,Gas Giant,0.0,"[44.0,563.0,7.9]","[9.988344988344988,0.011655011655011656]","[0.9988344988344988,0.0011655011655011655]",0.0
15.2,886,4.35,Gas Giant,0.0,"[15.2,886.0,4.35]","[9.988344988344988,0.011655011655011656]","[0.9988344988344988,0.0011655011655011655]",0.0
9.95,1323,1.791,Rocky Planet,1.0,"[9.95,1323.0,1.791]","[0.7607142857142857,9.239285714285714]","[0.07607142857142857,0.9239285714285714]",1.0
479.9233,1742,15.468,Gas Giant,0.0,"[479.9233,1742.0,15.468]","[9.988344988344988,0.011655011655011656]","[0.9988344988344988,0.0011655011655011655]",0.0
321.00669,134,10.16,Gas Giant,0.0,"[321.00669,134.0,10.16]","[9.988344988344988,0.011655011655011656]","[0.9988344988344988,0.0011655011655011655]",0.0
16.0,529,2.744,Gas Giant,0.0,"[16.0,529.0,2.744]","[9.953862229724297,0.04613777027570131]","[0.99538622297243,0.004613777027570132]",0.0
15.68,741,3.53,Gas Giant,0.0,"[15.68,741.0,3.53]","[9.953862229724297,0.04613777027570131]","[0.99538622297243,0.004613777027570132]",0.0
5.14,920,1.538,Rocky Planet,1.0,"[5.14,920.0,1.538]","[0.0,10.0]","[0.0,1.0]",1.0
215.80657,1377,15.681,Gas Giant,0.0,"[215.80657,1377.0,15.681]","[9.988344988344988,0.011655011655011656]","[0.9988344988344988,0.0011655011655011655]",0.0
9.1,862,2.451,Rocky Planet,1.0,"[9.1,862.0,2.451]","[0.0,10.0]","[0.0,1.0]",1.0
299.07803,1850,15.031,Gas Giant,0.0,"[299.07803,1850.0,15.031]","[9.988344988344988,0.011655011655011656]","[0.9988344988344988,0.0011655011655011655]",0.0
2.8,540,2.995,Rocky Planet,1.0,"[2.8,540.0,2.995]","[0.09090909090909091,9.90909090909091]","[0.009090909090909089,0.9909090909090909]",1.0
86.7,694,8.7,Gas Giant,0.0,"[86.7,694.0,8.7]","[9.988344988344988,0.011655011655011656]","[0.9988344988344988,0.0011655011655011655]",0.0
71.51139,1091,8.608,Gas Giant,0.0,"[71.51139,1091.0,8.608]","[9.988344988344988,0.011655011655011656]","[0.9988344988344988,0.0011655011655011655]",0.0
638.0,1358,13.4,Gas Giant,0.0,"[638.0,1358.0,13.4]","[9.988344988344988,0.011655011655011656]","[0.9988344988344988,0.0011655011655011655]",0.0
594.3421,1638,13.473,Gas Giant,0.0,"[594.3421,1638.0,13.473]","[9.988344988344988,0.011655011655011656]","[0.9988344988344988,0.0011655011655011655]",0.0
22.7,422,2.61,Gas Giant,0.0,"[22.7,422.0,2.61]","[9.953862229724297,0.04613777027570131]","[0.99538622297243,0.004613777027570132]",0.0
139.8445,1205,17.262,Gas Giant,0.0,"[139.8445,1205.0,17.262]","[9.988344988344988,0.011655011655011656]","[0.9988344988344988,0.0011655011655011655]",0.0
13.71,1241,1.362,Gas Giant,0.0,"[13.71,1241.0,1.362]","[10.0,0.0]","[1.0,0.0]",0.0
51.1,1513,5.77,Gas Giant,0.0,"[51.1,1513.0,5.77]","[9.988344988344988,0.011655011655011656]","[0.9988344988344988,0.0011655011655011655]",0.0
26.57,546,2.607,Gas Giant,0.0,"[26.57,546.0,2.607]","[9.953862229724297,0.04613777027570131]","[0.99538622297243,0.004613777027570132]",0.0
365.50267,1669,16.119,Gas Giant,0.0,"[365.50267,1669.0,16.119]","[9.988344988344988,0.011655011655011656]","[0.9988344988344988,0.0011655011655011655]",0.0
8.9,538,2.93,Rocky Planet,1.0,"[8.9,538.0,2.93]","[0.09090909090909091,9.90909090909091]","[0.009090909090909089,0.9909090909090909]",1.0
135.39558,1400,7.656,Gas Giant,0.0,"[135.39558,1400.0,7.656]","[9.988344988344988,0.011655011655011656]","[0.9988344988344988,0.0011655011655011655]",0.0
1722.6386,1198,10.817,Gas Giant,0.0,"[1722.6386,1198.0,10.817]","[9.988344988344988,0.011655011655011656]","[0.9988344988344988,0.0011655011655011655]",0.0
129.99182,1381,13.563,Gas Giant,0.0,"[129.99182,1381.0,13.563]","[9.988344988344988,0.011655011655011656]","[0.9988344988344988,0.0011655011655011655]",0.0
460.83,511,10.54,Gas Giant,0.0,"[460.83,511.0,10.54]","[9.988344988344988,0.011655011655011656]","[0.9988344988344988,0.0011655011655011655]",0.0
4.3,610,1.014,Rocky Planet,1.0,"[4.3,610.0,1.014]","[0.0,10.0]","[0.0,1.0]",1.0
4.36,782,1.511,Rocky Planet,1.0,"[4.36,782.0,1.511]","[0.0,10.0]","[0.0,1.0]",1.0
34.4,917,5.333,Gas Giant,0.0,"[34.4,917.0,5.333]","[9.988344988344988,0.011655011655011656]","[0.9988344988344988,0.0011655011655011655]",0.0
75.323,1025,10.223,Gas Giant,0.0,"[75.323,1025.0,10.223]","[9.988344988344988,0.011655011655011656]","[0.9988344988344988,0.0011655011655011655]",0.0
